Quarter of Date,Name,Avg. Rating,Max. Rating,WC
1900 Q1,Emanuel Lasker,2858,2858,
1900 Q1,Harry Pillsbury,2798,2798,
1900 Q2,Emanuel Lasker,2851,2851,
1900 Q2,Harry Pillsbury,2799,2799,
1900 Q3,Emanuel Lasker,2869,2869,
1900 Q3,Harry Pillsbury,2802,2802,
1900 Q4,Emanuel Lasker,2866,2866,
1900 Q4,Harry Pillsbury,2813,2813,
1901 Q1,Emanuel Lasker,2859,2859,
1901 Q1,Harry Pillsbury,2811,2811,
1901 Q2,Emanuel Lasker,2855,2855,
1901 Q2,Harry Pillsbury,2814,2814,
1901 Q3,Emanuel Lasker,2853,2853,
1901 Q3,Harry Pillsbury,2816,2816,
1901 Q4,Emanuel Lasker,2843,2843,
1901 Q4,Harry Pillsbury,2811,2811,
1902 Q1,Emanuel Lasker,2838,2838,
1902 Q1,Harry Pillsbury,2811,2811,
1902 Q2,Emanuel Lasker,2834,2834,
1902 Q2,Harry Pillsbury,2811,2811,
1902 Q3,Emanuel Lasker,2816,2816,
1902 Q3,Harry Pillsbury,2800,2800,
1902 Q4,Emanuel Lasker,2795,2795,
1902 Q4,Harry Pillsbury,2793,2793,
1903 Q1,Harry Pillsbury,2790,2790,
1903 Q1,Emanuel Lasker,2788,2788,
1903 Q2,Harry Pillsbury,2783,2783,
1903 Q2,Emanuel Lasker,2756,2756,
1903 Q3,Harry Pillsbury,2777,2777,
1903 Q3,Emanuel Lasker,2722,2722,
1903 Q4,Harry Pillsbury,2774,2774,
1903 Q4,Emanuel Lasker,2704,2704,
1904 Q1,Harry Pillsbury,2771,2771,
1904 Q1,Emanuel Lasker,2691,2691,
1904 Q2,Harry Pillsbury,2771,2771,
1904 Q2,Emanuel Lasker,2675,2675,
1904 Q3,Emanuel Lasker,2751,2751,
1904 Q3,Harry Pillsbury,2740,2740,
1904 Q4,Emanuel Lasker,2746,2746,
1904 Q4,Harry Pillsbury,2735,2735,
1905 Q1,Emanuel Lasker,2741,2741,
1905 Q1,Harry Pillsbury,2733,2733,
1905 Q2,Emanuel Lasker,2732,2732,
1905 Q2,Harry Pillsbury,2728,2728,
1905 Q3,Emanuel Lasker,2724,2724,
1905 Q3,Harry Pillsbury,2723,2723,
1905 Q4,Harry Pillsbury,2718,2718,
1905 Q4,Emanuel Lasker,2714,2714,
1906 Q1,Harry Pillsbury,2710,2710,
1906 Q1,Emanuel Lasker,2705,2705,
1906 Q2,Harry Pillsbury,2705,2705,
1906 Q2,Emanuel Lasker,2703,2703,
1906 Q3,Emanuel Lasker,2696,2696,
1906 Q4,Emanuel Lasker,2684,2684,
1907 Q1,Emanuel Lasker,2671,2671,
1907 Q2,Emanuel Lasker,2801,2801,
1907 Q3,Emanuel Lasker,2806,2806,
1907 Q4,Emanuel Lasker,2790,2790,
1908 Q1,Emanuel Lasker,2779,2779,
1908 Q2,Emanuel Lasker,2768,2768,
1908 Q2,Aron Nimzowitsch,2671,2671,
1908 Q3,Emanuel Lasker,2757,2757,
1908 Q4,Emanuel Lasker,2821,2821,
1909 Q1,Emanuel Lasker,2814,2814,
1909 Q1,Aron Nimzowitsch,2678,2678,
1909 Q2,Emanuel Lasker,2817,2817,
1909 Q2,Aron Nimzowitsch,2683,2683,
1909 Q3,Emanuel Lasker,2821,2821,
1909 Q3,Aron Nimzowitsch,2686,2686,
1909 Q4,Emanuel Lasker,2822,2822,
1909 Q4,Aron Nimzowitsch,2685,2685,
1910 Q1,Emanuel Lasker,2847,2847,
1910 Q2,Emanuel Lasker,2828,2828,
1910 Q2,Aron Nimzowitsch,2689,2689,
1910 Q3,Emanuel Lasker,2824,2824,
1910 Q3,Aron Nimzowitsch,2699,2699,
1910 Q4,Emanuel Lasker,2820,2820,
1910 Q4,Aron Nimzowitsch,2705,2705,
1911 Q1,Emanuel Lasker,2848,2848,
1911 Q1,Aron Nimzowitsch,2713,2713,
1911 Q2,Emanuel Lasker,2837,2837,
1911 Q2,Aron Nimzowitsch,2720,2720,
1911 Q3,Emanuel Lasker,2832,2832,
1911 Q3,Aron Nimzowitsch,2718,2718,
1911 Q4,Emanuel Lasker,2828,2828,
1911 Q4,Aron Nimzowitsch,2718,2718,
1912 Q1,Emanuel Lasker,2822,2822,
1912 Q1,Aron Nimzowitsch,2719,2719,
1912 Q2,Emanuel Lasker,2799,2799,
1912 Q2,Aron Nimzowitsch,2731,2731,
1912 Q3,Emanuel Lasker,2786,2786,
1912 Q3,Aron Nimzowitsch,2737,2737,
1912 Q4,Emanuel Lasker,2768,2768,
1912 Q4,Aron Nimzowitsch,2740,2740,
1913 Q1,Emanuel Lasker,2749,2749,
1913 Q1,Aron Nimzowitsch,2742,2742,
1913 Q1,Alexander Alekhine,2706,2706,
1913 Q2,Aron Nimzowitsch,2743,2743,
1913 Q2,Emanuel Lasker,2734,2734,
1913 Q2,Alexander Alekhine,2706,2706,
1913 Q3,Aron Nimzowitsch,2741,2741,
1913 Q3,Alexander Alekhine,2710,2710,
1913 Q3,Emanuel Lasker,2710,2710,
1913 Q4,Alexander Alekhine,2742,2742,
1913 Q4,Aron Nimzowitsch,2738,2738,
1913 Q4,Emanuel Lasker,2685,2685,
1914 Q1,Alexander Alekhine,2744,2744,
1914 Q1,Aron Nimzowitsch,2738,2738,
1914 Q2,Alexander Alekhine,2753,2753,
1914 Q2,Aron Nimzowitsch,2738,2738,
1914 Q3,Emanuel Lasker,2834,2834,
1914 Q3,Alexander Alekhine,2764,2764,
1914 Q3,Aron Nimzowitsch,2716,2716,
1914 Q4,Emanuel Lasker,2826,2826,
1914 Q4,Alexander Alekhine,2774,2774,
1914 Q4,Aron Nimzowitsch,2714,2714,
1915 Q1,Emanuel Lasker,2822,2822,
1915 Q1,Alexander Alekhine,2778,2778,
1915 Q1,Aron Nimzowitsch,2716,2716,
1915 Q2,Emanuel Lasker,2820,2820,
1915 Q2,Alexander Alekhine,2778,2778,
1915 Q2,Aron Nimzowitsch,2716,2716,
1915 Q3,Emanuel Lasker,2819,2819,
1915 Q3,Alexander Alekhine,2777,2777,
1915 Q3,Aron Nimzowitsch,2716,2716,
1915 Q4,Emanuel Lasker,2815,2815,
1915 Q4,Alexander Alekhine,2776,2776,
1915 Q4,Aron Nimzowitsch,2713,2713,
1916 Q1,Emanuel Lasker,2815,2815,
1916 Q1,Alexander Alekhine,2778,2778,
1916 Q1,Aron Nimzowitsch,2716,2716,
1916 Q2,Emanuel Lasker,2826,2826,
1916 Q2,Alexander Alekhine,2776,2776,
1916 Q2,Aron Nimzowitsch,2713,2713,
1916 Q3,Emanuel Lasker,2838,2838,
1916 Q3,Alexander Alekhine,2775,2775,
1916 Q3,Aron Nimzowitsch,2712,2712,
1916 Q4,Emanuel Lasker,2849,2849,
1916 Q4,Alexander Alekhine,2776,2776,
1916 Q4,Aron Nimzowitsch,2712,2712,
1917 Q1,Emanuel Lasker,2860,2860,
1917 Q2,Emanuel Lasker,2859,2859,
1917 Q3,Emanuel Lasker,2857,2857,
1917 Q4,Emanuel Lasker,2854,2854,
1918 Q1,Emanuel Lasker,2855,2855,
1918 Q2,Emanuel Lasker,2854,2854,
1918 Q2,Alexander Alekhine,2780,2780,
1918 Q3,Emanuel Lasker,2853,2853,
1918 Q3,Alexander Alekhine,2779,2779,
1918 Q4,Emanuel Lasker,2855,2855,
1918 Q4,Alexander Alekhine,2779,2779,
1919 Q1,Emanuel Lasker,2858,2858,
1919 Q1,Alexander Alekhine,2779,2779,
1919 Q2,Emanuel Lasker,2856,2856,
1919 Q2,Alexander Alekhine,2781,2781,
1919 Q3,Emanuel Lasker,2848,2848,
1919 Q3,Alexander Alekhine,2775,2775,
1919 Q4,Emanuel Lasker,2840,2840,
1919 Q4,Alexander Alekhine,2768,2768,
1920 Q1,Emanuel Lasker,2825,2825,
1920 Q1,Alexander Alekhine,2756,2756,
1920 Q2,Emanuel Lasker,2808,2808,
1920 Q2,Alexander Alekhine,2734,2734,
1920 Q3,Emanuel Lasker,2788,2788,
1920 Q3,Alexander Alekhine,2703,2703,
1920 Q4,Emanuel Lasker,2763,2763,
1920 Q4,Alexander Alekhine,2704,2704,
1921 Q2,Emanuel Lasker,2769,2769,
1921 Q2,Alexander Alekhine,2706,2706,
1921 Q3,Emanuel Lasker,2750,2750,
1921 Q3,Alexander Alekhine,2741,2741,
1921 Q4,Alexander Alekhine,2777,2777,
1921 Q4,Emanuel Lasker,2740,2740,
1922 Q1,Alexander Alekhine,2788,2788,
1922 Q1,Emanuel Lasker,2727,2727,
1922 Q2,Alexander Alekhine,2789,2789,
1922 Q2,Emanuel Lasker,2713,2713,
1922 Q3,Alexander Alekhine,2789,2789,
1922 Q3,Emanuel Lasker,2699,2699,
1922 Q4,Alexander Alekhine,2794,2794,
1922 Q4,Emanuel Lasker,2700,2700,
1923 Q1,Alexander Alekhine,2794,2794,
1923 Q1,Emanuel Lasker,2690,2690,
1923 Q2,Alexander Alekhine,2788,2788,
1923 Q2,Emanuel Lasker,2675,2675,
1923 Q3,Alexander Alekhine,2785,2785,
1923 Q3,Aron Nimzowitsch,2675,2675,
1923 Q4,Alexander Alekhine,2783,2783,
1923 Q4,Emanuel Lasker,2747,2747,
1923 Q4,Aron Nimzowitsch,2679,2679,
1924 Q1,Alexander Alekhine,2775,2775,
1924 Q1,Emanuel Lasker,2741,2741,
1924 Q1,Aron Nimzowitsch,2687,2687,
1924 Q2,Emanuel Lasker,2833,2833,
1924 Q2,Alexander Alekhine,2775,2775,
1924 Q2,Aron Nimzowitsch,2691,2691,
1924 Q3,Emanuel Lasker,2831,2831,
1924 Q3,Alexander Alekhine,2773,2773,
1924 Q3,Aron Nimzowitsch,2695,2695,
1924 Q4,Emanuel Lasker,2827,2827,
1924 Q4,Alexander Alekhine,2771,2771,
1924 Q4,Aron Nimzowitsch,2706,2706,
1925 Q1,Emanuel Lasker,2825,2825,
1925 Q1,Alexander Alekhine,2770,2770,
1925 Q1,Aron Nimzowitsch,2703,2703,
1925 Q2,Emanuel Lasker,2819,2819,
1925 Q2,Alexander Alekhine,2769,2769,
1925 Q2,Aron Nimzowitsch,2704,2704,
1925 Q3,Emanuel Lasker,2811,2811,
1925 Q3,Alexander Alekhine,2769,2769,
1925 Q3,Aron Nimzowitsch,2702,2702,
1925 Q4,Emanuel Lasker,2799,2799,
1925 Q4,Alexander Alekhine,2767,2767,
1925 Q4,Aron Nimzowitsch,2707,2707,
1926 Q1,Emanuel Lasker,2787,2787,
1926 Q1,Alexander Alekhine,2761,2761,
1926 Q1,Aron Nimzowitsch,2697,2697,
1926 Q2,Emanuel Lasker,2786,2786,
1926 Q2,Alexander Alekhine,2765,2765,
1926 Q2,Aron Nimzowitsch,2711,2711,
1926 Q3,Emanuel Lasker,2781,2781,
1926 Q3,Alexander Alekhine,2756,2756,
1926 Q3,Aron Nimzowitsch,2727,2727,
1926 Q4,Emanuel Lasker,2771,2771,
1926 Q4,Alexander Alekhine,2751,2751,
1926 Q4,Aron Nimzowitsch,2734,2734,
1926 Q4,Max Euwe,2660,2660,
1927 Q1,Emanuel Lasker,2765,2765,
1927 Q1,Alexander Alekhine,2754,2754,
1927 Q1,Aron Nimzowitsch,2742,2742,
1927 Q1,Max Euwe,2674,2674,
1927 Q2,Alexander Alekhine,2765,2765,
1927 Q2,Emanuel Lasker,2754,2754,
1927 Q2,Aron Nimzowitsch,2751,2751,
1927 Q2,Max Euwe,2678,2678,
1927 Q3,Alexander Alekhine,2767,2767,
1927 Q3,Aron Nimzowitsch,2752,2752,
1927 Q3,Emanuel Lasker,2740,2740,
1927 Q3,Max Euwe,2684,2684,
1927 Q4,Alexander Alekhine,2772,2772,
1927 Q4,Aron Nimzowitsch,2753,2753,
1927 Q4,Emanuel Lasker,2723,2723,
1927 Q4,Max Euwe,2672,2672,
1928 Q1,Alexander Alekhine,2799,2799,
1928 Q1,Aron Nimzowitsch,2766,2766,
1928 Q1,Emanuel Lasker,2705,2705,
1928 Q1,Max Euwe,2676,2676,
1928 Q2,Alexander Alekhine,2804,2804,
1928 Q2,Aron Nimzowitsch,2771,2771,
1928 Q2,Max Euwe,2683,2683,
1928 Q2,Emanuel Lasker,2681,2681,
1928 Q3,Alexander Alekhine,2806,2806,
1928 Q3,Aron Nimzowitsch,2773,2773,
1928 Q3,Max Euwe,2699,2699,
1928 Q4,Alexander Alekhine,2799,2799,
1928 Q4,Aron Nimzowitsch,2761,2761,
1928 Q4,Max Euwe,2732,2732,
1929 Q1,Alexander Alekhine,2802,2802,
1929 Q1,Aron Nimzowitsch,2767,2767,
1929 Q1,Max Euwe,2735,2735,
1929 Q2,Alexander Alekhine,2806,2806,
1929 Q2,Aron Nimzowitsch,2771,2771,
1929 Q2,Max Euwe,2739,2739,
1929 Q3,Alexander Alekhine,2807,2807,
1929 Q3,Aron Nimzowitsch,2772,2772,
1929 Q3,Max Euwe,2739,2739,
1929 Q4,Alexander Alekhine,2807,2807,
1929 Q4,Aron Nimzowitsch,2779,2779,
1929 Q4,Max Euwe,2731,2731,
1930 Q1,Alexander Alekhine,2821,2821,
1930 Q1,Aron Nimzowitsch,2779,2779,
1930 Q1,Max Euwe,2732,2732,
1930 Q2,Alexander Alekhine,2826,2826,
1930 Q2,Aron Nimzowitsch,2770,2770,
1930 Q2,Max Euwe,2729,2729,
1930 Q3,Alexander Alekhine,2834,2834,
1930 Q3,Aron Nimzowitsch,2770,2770,
1930 Q3,Max Euwe,2723,2723,
1930 Q4,Alexander Alekhine,2845,2845,
1930 Q4,Aron Nimzowitsch,2765,2765,
1930 Q4,Max Euwe,2714,2714,
1931 Q1,Alexander Alekhine,2850,2850,
1931 Q1,Aron Nimzowitsch,2762,2762,
1931 Q1,Max Euwe,2719,2719,
1931 Q2,Alexander Alekhine,2857,2857,
1931 Q2,Aron Nimzowitsch,2756,2756,
1931 Q2,Max Euwe,2717,2717,
1931 Q3,Alexander Alekhine,2859,2859,
1931 Q3,Aron Nimzowitsch,2744,2744,
1931 Q3,Max Euwe,2712,2712,
1931 Q4,Alexander Alekhine,2844,2844,
1931 Q4,Aron Nimzowitsch,2732,2732,
1931 Q4,Max Euwe,2710,2710,
1932 Q1,Alexander Alekhine,2849,2849,
1932 Q1,Aron Nimzowitsch,2726,2726,
1932 Q1,Max Euwe,2695,2695,
1932 Q2,Alexander Alekhine,2842,2842,
1932 Q2,Aron Nimzowitsch,2720,2720,
1932 Q2,Max Euwe,2695,2695,
1932 Q3,Alexander Alekhine,2839,2839,
1932 Q3,Aron Nimzowitsch,2715,2715,
1932 Q3,Max Euwe,2696,2696,
1932 Q4,Alexander Alekhine,2827,2827,
1932 Q4,Aron Nimzowitsch,2707,2707,
1932 Q4,Max Euwe,2702,2702,
1933 Q1,Alexander Alekhine,2817,2817,
1933 Q1,Max Euwe,2706,2706,
1933 Q1,Aron Nimzowitsch,2698,2698,
1933 Q2,Alexander Alekhine,2813,2813,
1933 Q2,Max Euwe,2707,2707,
1933 Q2,Aron Nimzowitsch,2694,2694,
1933 Q3,Alexander Alekhine,2805,2805,
1933 Q3,Max Euwe,2707,2707,
1933 Q3,Aron Nimzowitsch,2675,2675,
1933 Q4,Alexander Alekhine,2801,2801,
1933 Q4,Max Euwe,2704,2704,
1933 Q4,Aron Nimzowitsch,2669,2669,
1934 Q1,Alexander Alekhine,2787,2787,
1934 Q1,Max Euwe,2702,2702,
1934 Q2,Alexander Alekhine,2787,2787,
1934 Q2,Max Euwe,2712,2712,
1934 Q3,Alexander Alekhine,2799,2799,
1934 Q3,Max Euwe,2738,2738,
1934 Q3,Mikhail Botvinnik,2663,2663,
1934 Q4,Alexander Alekhine,2799,2799,
1934 Q4,Max Euwe,2743,2743,
1934 Q4,Mikhail Botvinnik,2682,2682,
1934 Q4,Samuel Reshevsky,2663,2663,
1935 Q1,Alexander Alekhine,2798,2798,
1935 Q1,Max Euwe,2751,2751,
1935 Q1,Samuel Reshevsky,2680,2680,
1935 Q2,Alexander Alekhine,2785,2785,
1935 Q2,Mikhail Botvinnik,2731,2731,
1935 Q2,Max Euwe,2728,2728,
1935 Q2,Samuel Reshevsky,2664,2664,
1935 Q3,Alexander Alekhine,2784,2784,
1935 Q3,Max Euwe,2729,2729,
1935 Q3,Mikhail Botvinnik,2728,2728,
1935 Q3,Samuel Reshevsky,2706,2706,
1935 Q4,Alexander Alekhine,2767,2767,
1935 Q4,Max Euwe,2724,2724,
1935 Q4,Mikhail Botvinnik,2722,2722,
1935 Q4,Samuel Reshevsky,2704,2704,
1935 Q4,Paul Keres,2687,2687,
1936 Q1,Max Euwe,2769,2769,
1936 Q1,Alexander Alekhine,2758,2758,
1936 Q1,Mikhail Botvinnik,2716,2716,
1936 Q1,Samuel Reshevsky,2696,2696,
1936 Q1,Paul Keres,2677,2677,
1936 Q2,Max Euwe,2767,2767,
1936 Q2,Alexander Alekhine,2758,2758,
1936 Q2,Mikhail Botvinnik,2714,2714,
1936 Q2,Samuel Reshevsky,2689,2689,
1936 Q3,Max Euwe,2755,2755,
1936 Q3,Mikhail Botvinnik,2749,2749,
1936 Q3,Alexander Alekhine,2746,2746,
1936 Q3,Samuel Reshevsky,2728,2728,
1936 Q3,Paul Keres,2662,2662,
1936 Q4,Mikhail Botvinnik,2761,2761,
1936 Q4,Max Euwe,2754,2754,
1936 Q4,Samuel Reshevsky,2751,2751,
1936 Q4,Alexander Alekhine,2742,2742,
1936 Q4,Paul Keres,2669,2669,
1937 Q1,Mikhail Botvinnik,2756,2756,
1937 Q1,Max Euwe,2749,2749,
1937 Q1,Samuel Reshevsky,2748,2748,
1937 Q1,Alexander Alekhine,2748,2748,
1937 Q1,Paul Keres,2671,2671,
1937 Q2,Max Euwe,2754,2754,
1937 Q2,Alexander Alekhine,2750,2750,
1937 Q2,Mikhail Botvinnik,2750,2750,
1937 Q2,Samuel Reshevsky,2744,2744,
1937 Q2,Paul Keres,2671,2671,
1937 Q3,Max Euwe,2750,2750,
1937 Q3,Mikhail Botvinnik,2748,2748,
1937 Q3,Samuel Reshevsky,2744,2744,
1937 Q3,Alexander Alekhine,2741,2741,
1937 Q3,Paul Keres,2712,2712,
1937 Q4,Max Euwe,2764,2764,
1937 Q4,Mikhail Botvinnik,2747,2747,
1937 Q4,Alexander Alekhine,2740,2740,
1937 Q4,Samuel Reshevsky,2731,2731,
1937 Q4,Paul Keres,2715,2715,
1938 Q1,Alexander Alekhine,2760,2760,
1938 Q1,Max Euwe,2743,2743,
1938 Q1,Mikhail Botvinnik,2741,2741,
1938 Q1,Samuel Reshevsky,2733,2733,
1938 Q1,Paul Keres,2717,2717,
1938 Q2,Alexander Alekhine,2761,2761,
1938 Q2,Max Euwe,2742,2742,
1938 Q2,Mikhail Botvinnik,2742,2742,
1938 Q2,Samuel Reshevsky,2736,2736,
1938 Q2,Paul Keres,2714,2714,
1938 Q3,Alexander Alekhine,2759,2759,
1938 Q3,Mikhail Botvinnik,2746,2746,
1938 Q3,Samuel Reshevsky,2740,2740,
1938 Q3,Max Euwe,2727,2727,
1938 Q3,Paul Keres,2719,2719,
1938 Q4,Alexander Alekhine,2754,2754,
1938 Q4,Mikhail Botvinnik,2747,2747,
1938 Q4,Samuel Reshevsky,2744,2744,
1938 Q4,Max Euwe,2715,2715,
1938 Q4,Paul Keres,2715,2715,
1939 Q1,Mikhail Botvinnik,2766,2766,
1939 Q1,Alexander Alekhine,2750,2750,
1939 Q1,Samuel Reshevsky,2748,2748,
1939 Q1,Paul Keres,2732,2732,
1939 Q1,Max Euwe,2718,2718,
1939 Q2,Mikhail Botvinnik,2768,2768,
1939 Q2,Alexander Alekhine,2750,2750,
1939 Q2,Samuel Reshevsky,2743,2743,
1939 Q2,Max Euwe,2720,2720,
1939 Q2,Paul Keres,2716,2716,
1939 Q3,Mikhail Botvinnik,2779,2779,
1939 Q3,Alexander Alekhine,2751,2751,
1939 Q3,Samuel Reshevsky,2745,2745,
1939 Q3,Paul Keres,2722,2722,
1939 Q3,Max Euwe,2713,2713,
1939 Q4,Mikhail Botvinnik,2773,2773,
1939 Q4,Alexander Alekhine,2747,2747,
1939 Q4,Samuel Reshevsky,2744,2744,
1939 Q4,Paul Keres,2731,2731,
1939 Q4,Max Euwe,2715,2715,
1940 Q1,Mikhail Botvinnik,2768,2768,
1940 Q1,Alexander Alekhine,2747,2747,
1940 Q1,Samuel Reshevsky,2743,2743,
1940 Q1,Paul Keres,2735,2735,
1940 Q1,Max Euwe,2716,2716,
1940 Q2,Mikhail Botvinnik,2769,2769,
1940 Q2,Samuel Reshevsky,2746,2746,
1940 Q2,Alexander Alekhine,2744,2744,
1940 Q2,Paul Keres,2737,2737,
1940 Q2,Max Euwe,2717,2717,
1940 Q3,Mikhail Botvinnik,2769,2769,
1940 Q3,Samuel Reshevsky,2751,2751,
1940 Q3,Alexander Alekhine,2742,2742,
1940 Q3,Paul Keres,2737,2737,
1940 Q3,Max Euwe,2715,2715,
1940 Q4,Mikhail Botvinnik,2755,2755,
1940 Q4,Samuel Reshevsky,2753,2753,
1940 Q4,Paul Keres,2737,2737,
1940 Q4,Alexander Alekhine,2737,2737,
1940 Q4,Max Euwe,2713,2713,
1940 Q4,Vassily Smyslov,2692,2692,
1941 Q1,Mikhail Botvinnik,2758,2758,
1941 Q1,Samuel Reshevsky,2757,2757,
1941 Q1,Paul Keres,2739,2739,
1941 Q1,Alexander Alekhine,2730,2730,
1941 Q1,Max Euwe,2719,2719,
1941 Q1,Vassily Smyslov,2694,2694,
1941 Q2,Mikhail Botvinnik,2789,2789,
1941 Q2,Samuel Reshevsky,2754,2754,
1941 Q2,Paul Keres,2740,2740,
1941 Q2,Alexander Alekhine,2725,2725,
1941 Q2,Max Euwe,2722,2722,
1941 Q2,Vassily Smyslov,2707,2707,
1941 Q3,Mikhail Botvinnik,2786,2786,
1941 Q3,Samuel Reshevsky,2748,2748,
1941 Q3,Paul Keres,2737,2737,
1941 Q3,Max Euwe,2723,2723,
1941 Q3,Alexander Alekhine,2718,2718,
1941 Q3,Vassily Smyslov,2705,2705,
1941 Q4,Mikhail Botvinnik,2781,2781,
1941 Q4,Samuel Reshevsky,2741,2741,
1941 Q4,Paul Keres,2732,2732,
1941 Q4,Max Euwe,2723,2723,
1941 Q4,Alexander Alekhine,2713,2713,
1941 Q4,Vassily Smyslov,2703,2703,
1942 Q1,Mikhail Botvinnik,2773,2773,
1942 Q1,Samuel Reshevsky,2736,2736,
1942 Q1,Paul Keres,2726,2726,
1942 Q1,Max Euwe,2725,2725,
1942 Q1,Alexander Alekhine,2710,2710,
1942 Q1,Vassily Smyslov,2697,2697,
1942 Q2,Mikhail Botvinnik,2771,2771,
1942 Q2,Samuel Reshevsky,2745,2745,
1942 Q2,Paul Keres,2724,2724,
1942 Q2,Max Euwe,2723,2723,
1942 Q2,Alexander Alekhine,2707,2707,
1942 Q2,Vassily Smyslov,2702,2702,
1942 Q3,Mikhail Botvinnik,2770,2770,
1942 Q3,Samuel Reshevsky,2753,2753,
1942 Q3,Alexander Alekhine,2751,2751,
1942 Q3,Paul Keres,2733,2733,
1942 Q3,Max Euwe,2719,2719,
1942 Q3,Vassily Smyslov,2710,2710,
1942 Q4,Alexander Alekhine,2763,2763,
1942 Q4,Mikhail Botvinnik,2763,2763,
1942 Q4,Samuel Reshevsky,2758,2758,
1942 Q4,Paul Keres,2733,2733,
1942 Q4,Vassily Smyslov,2720,2720,
1942 Q4,Max Euwe,2713,2713,
1943 Q1,Samuel Reshevsky,2769,2769,
1943 Q1,Alexander Alekhine,2760,2760,
1943 Q1,Mikhail Botvinnik,2756,2756,
1943 Q1,Max Euwe,2735,2735,
1943 Q1,Paul Keres,2729,2729,
1943 Q1,Vassily Smyslov,2724,2724,
1943 Q2,Samuel Reshevsky,2763,2763,
1943 Q2,Alexander Alekhine,2763,2763,
1943 Q2,Mikhail Botvinnik,2760,2760,
1943 Q2,Max Euwe,2735,2735,
1943 Q2,Paul Keres,2729,2729,
1943 Q2,Vassily Smyslov,2723,2723,
1943 Q3,Alexander Alekhine,2789,2789,
1943 Q3,Paul Keres,2769,2769,
1943 Q3,Mikhail Botvinnik,2769,2769,
1943 Q3,Samuel Reshevsky,2761,2761,
1943 Q3,Max Euwe,2735,2735,
1943 Q3,Vassily Smyslov,2725,2725,
1943 Q4,Alexander Alekhine,2797,2797,
1943 Q4,Mikhail Botvinnik,2776,2776,
1943 Q4,Paul Keres,2764,2764,
1943 Q4,Samuel Reshevsky,2754,2754,
1943 Q4,Max Euwe,2733,2733,
1943 Q4,Vassily Smyslov,2724,2724,
1944 Q1,Alexander Alekhine,2805,2805,
1944 Q1,Mikhail Botvinnik,2785,2785,
1944 Q1,Paul Keres,2766,2766,
1944 Q1,Vassily Smyslov,2725,2725,
1944 Q1,Samuel Reshevsky,2723,2723,
1944 Q2,Alexander Alekhine,2806,2806,
1944 Q2,Mikhail Botvinnik,2800,2800,
1944 Q2,Paul Keres,2766,2766,
1944 Q2,Vassily Smyslov,2730,2730,
1944 Q2,Samuel Reshevsky,2716,2716,
1944 Q3,Alexander Alekhine,2807,2807,
1944 Q3,Mikhail Botvinnik,2805,2805,
1944 Q3,Paul Keres,2766,2766,
1944 Q3,Vassily Smyslov,2734,2734,
1944 Q3,Samuel Reshevsky,2707,2707,
1944 Q4,Mikhail Botvinnik,2812,2812,
1944 Q4,Alexander Alekhine,2803,2803,
1944 Q4,Paul Keres,2761,2761,
1944 Q4,Vassily Smyslov,2735,2735,
1944 Q4,Samuel Reshevsky,2691,2691,
1945 Q1,Mikhail Botvinnik,2813,2813,
1945 Q1,Alexander Alekhine,2797,2797,
1945 Q1,Paul Keres,2754,2754,
1945 Q1,Vassily Smyslov,2737,2737,
1945 Q2,Mikhail Botvinnik,2809,2809,
1945 Q2,Alexander Alekhine,2793,2793,
1945 Q2,Paul Keres,2751,2751,
1945 Q2,Vassily Smyslov,2748,2748,
1945 Q3,Mikhail Botvinnik,2881,2881,
1945 Q3,Alexander Alekhine,2784,2784,
1945 Q3,Paul Keres,2753,2753,
1945 Q3,Vassily Smyslov,2722,2722,
1945 Q4,Mikhail Botvinnik,2885,2885,
1945 Q4,Alexander Alekhine,2770,2770,
1945 Q4,Paul Keres,2748,2748,
1945 Q4,Vassily Smyslov,2747,2747,
1945 Q4,Samuel Reshevsky,2700,2700,
1946 Q1,Mikhail Botvinnik,2883,2883,
1946 Q1,Paul Keres,2768,2768,
1946 Q1,Alexander Alekhine,2758,2758,
1946 Q1,Vassily Smyslov,2751,2751,
1946 Q2,Mikhail Botvinnik,2878,2878,
1946 Q2,Paul Keres,2769,2769,
1946 Q2,Vassily Smyslov,2744,2744,
1946 Q2,Samuel Reshevsky,2694,2694,
1946 Q2,David Bronstein,2693,2693,
1946 Q3,Mikhail Botvinnik,2872,2872,
1946 Q3,Paul Keres,2763,2763,
1946 Q3,Vassily Smyslov,2735,2735,
1946 Q3,David Bronstein,2708,2708,
1946 Q3,Samuel Reshevsky,2702,2702,
1946 Q4,Mikhail Botvinnik,2862,2862,
1946 Q4,Paul Keres,2751,2751,
1946 Q4,Vassily Smyslov,2739,2739,
1946 Q4,David Bronstein,2717,2717,
1946 Q4,Samuel Reshevsky,2704,2704,
1947 Q1,Mikhail Botvinnik,2852,2852,
1947 Q1,Paul Keres,2749,2749,
1947 Q1,Vassily Smyslov,2731,2731,
1947 Q1,David Bronstein,2719,2719,
1947 Q1,Samuel Reshevsky,2718,2718,
1947 Q2,Mikhail Botvinnik,2846,2846,
1947 Q2,Paul Keres,2782,2782,
1947 Q2,Vassily Smyslov,2733,2733,
1947 Q2,David Bronstein,2720,2720,
1947 Q2,Samuel Reshevsky,2717,2717,
1947 Q3,Mikhail Botvinnik,2837,2837,
1947 Q3,Paul Keres,2784,2784,
1947 Q3,Vassily Smyslov,2730,2730,
1947 Q3,David Bronstein,2719,2719,
1947 Q3,Samuel Reshevsky,2713,2713,
1947 Q4,Mikhail Botvinnik,2828,2828,
1947 Q4,Paul Keres,2779,2779,
1947 Q4,Vassily Smyslov,2727,2727,
1947 Q4,David Bronstein,2723,2723,
1947 Q4,Samuel Reshevsky,2702,2702,
1948 Q1,Mikhail Botvinnik,2831,2831,
1948 Q1,Paul Keres,2760,2760,
1948 Q1,Vassily Smyslov,2732,2732,
1948 Q1,David Bronstein,2721,2721,
1948 Q2,Mikhail Botvinnik,2847,2847,
1948 Q2,Paul Keres,2756,2756,
1948 Q2,Samuel Reshevsky,2743,2743,
1948 Q2,Vassily Smyslov,2734,2734,
1948 Q2,David Bronstein,2720,2720,
1948 Q3,Mikhail Botvinnik,2852,2852,
1948 Q3,Samuel Reshevsky,2756,2756,
1948 Q3,Paul Keres,2755,2755,
1948 Q3,Vassily Smyslov,2745,2745,
1948 Q3,David Bronstein,2723,2723,
1948 Q4,Mikhail Botvinnik,2838,2838,
1948 Q4,Paul Keres,2744,2744,
1948 Q4,Samuel Reshevsky,2744,2744,
1948 Q4,David Bronstein,2742,2742,
1948 Q4,Vassily Smyslov,2735,2735,
1949 Q1,Mikhail Botvinnik,2832,2832,
1949 Q1,David Bronstein,2743,2743,
1949 Q1,Samuel Reshevsky,2742,2742,
1949 Q1,Paul Keres,2735,2735,
1949 Q1,Vassily Smyslov,2735,2735,
1949 Q2,Mikhail Botvinnik,2826,2826,
1949 Q2,David Bronstein,2745,2745,
1949 Q2,Vassily Smyslov,2742,2742,
1949 Q2,Samuel Reshevsky,2737,2737,
1949 Q2,Paul Keres,2732,2732,
1949 Q3,Mikhail Botvinnik,2818,2818,
1949 Q3,Vassily Smyslov,2750,2750,
1949 Q3,David Bronstein,2749,2749,
1949 Q3,Samuel Reshevsky,2732,2732,
1949 Q3,Paul Keres,2729,2729,
1949 Q4,Mikhail Botvinnik,2813,2813,
1949 Q4,Vassily Smyslov,2756,2756,
1949 Q4,David Bronstein,2750,2750,
1949 Q4,Samuel Reshevsky,2728,2728,
1949 Q4,Paul Keres,2725,2725,
1950 Q1,Mikhail Botvinnik,2806,2806,
1950 Q1,Vassily Smyslov,2760,2760,
1950 Q1,David Bronstein,2754,2754,
1950 Q1,Paul Keres,2722,2722,
1950 Q1,Samuel Reshevsky,2722,2722,
1950 Q2,Mikhail Botvinnik,2798,2798,
1950 Q2,Vassily Smyslov,2760,2760,
1950 Q2,David Bronstein,2754,2754,
1950 Q2,Samuel Reshevsky,2727,2727,
1950 Q2,Paul Keres,2722,2722,
1950 Q3,David Bronstein,2781,2781,
1950 Q3,Vassily Smyslov,2762,2762,
1950 Q3,Paul Keres,2743,2743,
1950 Q3,Samuel Reshevsky,2731,2731,
1950 Q4,David Bronstein,2779,2779,
1950 Q4,Vassily Smyslov,2756,2756,
1950 Q4,Samuel Reshevsky,2754,2754,
1950 Q4,Paul Keres,2738,2738,
1951 Q1,David Bronstein,2780,2780,
1951 Q1,Samuel Reshevsky,2758,2758,
1951 Q1,Vassily Smyslov,2754,2754,
1951 Q1,Paul Keres,2738,2738,
1951 Q2,David Bronstein,2780,2780,
1951 Q2,Mikhail Botvinnik,2768,2768,
1951 Q2,Vassily Smyslov,2762,2762,
1951 Q2,Samuel Reshevsky,2752,2752,
1951 Q2,Paul Keres,2745,2745,
1951 Q3,David Bronstein,2790,2790,
1951 Q3,Vassily Smyslov,2768,2768,
1951 Q3,Mikhail Botvinnik,2762,2762,
1951 Q3,Paul Keres,2755,2755,
1951 Q3,Samuel Reshevsky,2752,2752,
1951 Q4,David Bronstein,2782,2782,
1951 Q4,Vassily Smyslov,2773,2773,
1951 Q4,Paul Keres,2763,2763,
1951 Q4,Samuel Reshevsky,2758,2758,
1951 Q4,Mikhail Botvinnik,2757,2757,
1952 Q1,Vassily Smyslov,2776,2776,
1952 Q1,David Bronstein,2774,2774,
1952 Q1,Paul Keres,2769,2769,
1952 Q1,Samuel Reshevsky,2758,2758,
1952 Q1,Mikhail Botvinnik,2748,2748,
1952 Q2,Samuel Reshevsky,2771,2771,
1952 Q2,Vassily Smyslov,2771,2771,
1952 Q2,David Bronstein,2764,2764,
1952 Q2,Paul Keres,2763,2763,
1952 Q2,Mikhail Botvinnik,2748,2748,
1952 Q3,Samuel Reshevsky,2778,2778,
1952 Q3,Vassily Smyslov,2764,2764,
1952 Q3,Paul Keres,2756,2756,
1952 Q3,David Bronstein,2753,2753,
1952 Q3,Mikhail Botvinnik,2751,2751,
1952 Q4,Samuel Reshevsky,2780,2780,
1952 Q4,Vassily Smyslov,2769,2769,
1952 Q4,Mikhail Botvinnik,2763,2763,
1952 Q4,David Bronstein,2741,2741,
1952 Q4,Paul Keres,2735,2735,
1953 Q1,Samuel Reshevsky,2779,2779,
1953 Q1,Mikhail Botvinnik,2779,2779,
1953 Q1,Vassily Smyslov,2765,2765,
1953 Q1,David Bronstein,2735,2735,
1953 Q1,Paul Keres,2732,2732,
1953 Q2,Mikhail Botvinnik,2780,2780,
1953 Q2,Samuel Reshevsky,2777,2777,
1953 Q2,Vassily Smyslov,2766,2766,
1953 Q2,David Bronstein,2730,2730,
1953 Q2,Paul Keres,2728,2728,
1953 Q3,Mikhail Botvinnik,2779,2779,
1953 Q3,Samuel Reshevsky,2778,2778,
1953 Q3,Vassily Smyslov,2768,2768,
1953 Q3,David Bronstein,2725,2725,
1953 Q3,Paul Keres,2724,2724,
1953 Q4,Samuel Reshevsky,2785,2785,
1953 Q4,Vassily Smyslov,2780,2780,
1953 Q4,Mikhail Botvinnik,2779,2779,
1953 Q4,David Bronstein,2741,2741,
1953 Q4,Tigran Petrosian,2726,2726,
1953 Q4,Paul Keres,2725,2725,
1954 Q1,Vassily Smyslov,2790,2790,
1954 Q1,Samuel Reshevsky,2781,2781,
1954 Q1,Mikhail Botvinnik,2780,2780,
1954 Q1,David Bronstein,2743,2743,
1954 Q1,Tigran Petrosian,2743,2743,
1954 Q1,Paul Keres,2739,2739,
1954 Q2,Mikhail Botvinnik,2795,2795,
1954 Q2,Vassily Smyslov,2785,2785,
1954 Q2,Samuel Reshevsky,2778,2778,
1954 Q2,David Bronstein,2748,2748,
1954 Q2,Tigran Petrosian,2741,2741,
1954 Q2,Paul Keres,2737,2737,
1954 Q3,Vassily Smyslov,2794,2794,
1954 Q3,Mikhail Botvinnik,2781,2781,
1954 Q3,Samuel Reshevsky,2775,2775,
1954 Q3,David Bronstein,2755,2755,
1954 Q3,Tigran Petrosian,2740,2740,
1954 Q3,Paul Keres,2739,2739,
1954 Q4,Vassily Smyslov,2792,2792,
1954 Q4,Mikhail Botvinnik,2783,2783,
1954 Q4,Samuel Reshevsky,2770,2770,
1954 Q4,Paul Keres,2762,2762,
1954 Q4,David Bronstein,2750,2750,
1954 Q4,Tigran Petrosian,2744,2744,
1955 Q1,Vassily Smyslov,2793,2793,
1955 Q1,Mikhail Botvinnik,2779,2779,
1955 Q1,Paul Keres,2766,2766,
1955 Q1,Samuel Reshevsky,2765,2765,
1955 Q1,David Bronstein,2748,2748,
1955 Q1,Tigran Petrosian,2739,2739,
1955 Q1,Viktor Korchnoi,2710,2710,
1955 Q2,Vassily Smyslov,2791,2791,
1955 Q2,Mikhail Botvinnik,2772,2772,
1955 Q2,Paul Keres,2764,2764,
1955 Q2,Samuel Reshevsky,2764,2764,
1955 Q2,David Bronstein,2749,2749,
1955 Q2,Tigran Petrosian,2745,2745,
1955 Q2,Boris Spassky,2726,2726,
1955 Q3,Vassily Smyslov,2797,2797,
1955 Q3,Paul Keres,2773,2773,
1955 Q3,Samuel Reshevsky,2768,2768,
1955 Q3,Mikhail Botvinnik,2764,2764,
1955 Q3,Tigran Petrosian,2757,2757,
1955 Q3,David Bronstein,2750,2750,
1955 Q3,Boris Spassky,2722,2722,
1955 Q4,Vassily Smyslov,2795,2795,
1955 Q4,Paul Keres,2780,2780,
1955 Q4,David Bronstein,2772,2772,
1955 Q4,Samuel Reshevsky,2760,2760,
1955 Q4,Mikhail Botvinnik,2758,2758,
1955 Q4,Tigran Petrosian,2757,2757,
1955 Q4,Boris Spassky,2714,2714,
1956 Q1,Vassily Smyslov,2793,2793,
1956 Q1,Paul Keres,2782,2782,
1956 Q1,David Bronstein,2770,2770,
1956 Q1,Mikhail Botvinnik,2756,2756,
1956 Q1,Tigran Petrosian,2755,2755,
1956 Q1,Samuel Reshevsky,2752,2752,
1956 Q1,Boris Spassky,2714,2714,
1956 Q2,Vassily Smyslov,2795,2795,
1956 Q2,Paul Keres,2779,2779,
1956 Q2,David Bronstein,2766,2766,
1956 Q2,Mikhail Botvinnik,2756,2756,
1956 Q2,Tigran Petrosian,2751,2751,
1956 Q2,Samuel Reshevsky,2743,2743,
1956 Q2,Boris Spassky,2720,2720,
1956 Q3,Vassily Smyslov,2798,2798,
1956 Q3,Paul Keres,2780,2780,
1956 Q3,David Bronstein,2762,2762,
1956 Q3,Mikhail Botvinnik,2759,2759,
1956 Q3,Tigran Petrosian,2748,2748,
1956 Q3,Samuel Reshevsky,2728,2728,
1956 Q3,Viktor Korchnoi,2721,2721,
1956 Q4,Vassily Smyslov,2786,2786,
1956 Q4,Paul Keres,2777,2777,
1956 Q4,Mikhail Botvinnik,2768,2768,
1956 Q4,David Bronstein,2767,2767,
1956 Q4,Tigran Petrosian,2744,2744,
1956 Q4,Viktor Korchnoi,2724,2724,
1956 Q4,Samuel Reshevsky,2713,2713,
1957 Q1,Vassily Smyslov,2788,2788,
1957 Q1,Mikhail Botvinnik,2776,2776,
1957 Q1,Paul Keres,2774,2774,
1957 Q1,David Bronstein,2764,2764,
1957 Q1,Tigran Petrosian,2741,2741,
1957 Q1,Viktor Korchnoi,2715,2715,
1957 Q2,Vassily Smyslov,2786,2786,
1957 Q2,Paul Keres,2769,2769,
1957 Q2,David Bronstein,2763,2763,
1957 Q2,Mikhail Botvinnik,2762,2762,
1957 Q2,Tigran Petrosian,2733,2733,
1957 Q2,Viktor Korchnoi,2716,2716,
1957 Q3,Vassily Smyslov,2790,2790,
1957 Q3,Paul Keres,2767,2767,
1957 Q3,David Bronstein,2762,2762,
1957 Q3,Mikhail Botvinnik,2757,2757,
1957 Q3,Tigran Petrosian,2733,2733,
1957 Q3,Viktor Korchnoi,2721,2721,
1957 Q3,Samuel Reshevsky,2711,2711,
1957 Q4,Vassily Smyslov,2787,2787,
1957 Q4,Paul Keres,2766,2766,
1957 Q4,David Bronstein,2764,2764,
1957 Q4,Mikhail Botvinnik,2754,2754,
1957 Q4,Tigran Petrosian,2735,2735,
1957 Q4,Viktor Korchnoi,2729,2729,
1957 Q4,Mikhail Tal,2723,2723,
1957 Q4,Boris Spassky,2713,2713,
1958 Q1,Vassily Smyslov,2784,2784,
1958 Q1,Paul Keres,2767,2767,
1958 Q1,David Bronstein,2763,2763,
1958 Q1,Mikhail Botvinnik,2751,2751,
1958 Q1,Tigran Petrosian,2734,2734,
1958 Q1,Viktor Korchnoi,2730,2730,
1958 Q1,Mikhail Tal,2725,2725,
1958 Q1,Boris Spassky,2712,2712,
1958 Q2,Mikhail Botvinnik,2770,2770,
1958 Q2,Vassily Smyslov,2768,2768,
1958 Q2,Paul Keres,2764,2764,
1958 Q2,David Bronstein,2764,2764,
1958 Q2,Mikhail Tal,2749,2749,
1958 Q2,Tigran Petrosian,2743,2743,
1958 Q2,Viktor Korchnoi,2723,2723,
1958 Q2,Boris Spassky,2715,2715,
1958 Q3,Vassily Smyslov,2773,2773,
1958 Q3,Mikhail Botvinnik,2770,2770,
1958 Q3,David Bronstein,2763,2763,
1958 Q3,Paul Keres,2761,2761,
1958 Q3,Mikhail Tal,2747,2747,
1958 Q3,Tigran Petrosian,2741,2741,
1958 Q3,Viktor Korchnoi,2722,2722,
1958 Q4,Mikhail Tal,2775,2775,
1958 Q4,Vassily Smyslov,2772,2772,
1958 Q4,Mikhail Botvinnik,2764,2764,
1958 Q4,Paul Keres,2757,2757,
1958 Q4,David Bronstein,2751,2751,
1958 Q4,Tigran Petrosian,2741,2741,
1958 Q4,Viktor Korchnoi,2721,2721,
1959 Q1,Mikhail Tal,2773,2773,
1959 Q1,Vassily Smyslov,2769,2769,
1959 Q1,Mikhail Botvinnik,2765,2765,
1959 Q1,Paul Keres,2755,2755,
1959 Q1,David Bronstein,2747,2747,
1959 Q1,Tigran Petrosian,2738,2738,
1959 Q1,Viktor Korchnoi,2724,2724,
1959 Q2,Mikhail Tal,2778,2778,
1959 Q2,Vassily Smyslov,2761,2761,
1959 Q2,Mikhail Botvinnik,2760,2760,
1959 Q2,Tigran Petrosian,2755,2755,
1959 Q2,Paul Keres,2743,2743,
1959 Q2,Boris Spassky,2730,2730,
1959 Q2,David Bronstein,2728,2728,
1959 Q2,Viktor Korchnoi,2723,2723,
1959 Q3,Mikhail Tal,2782,2782,
1959 Q3,Mikhail Botvinnik,2755,2755,
1959 Q3,Tigran Petrosian,2751,2751,
1959 Q3,Vassily Smyslov,2751,2751,
1959 Q3,Paul Keres,2743,2743,
1959 Q3,Boris Spassky,2726,2726,
1959 Q3,Viktor Korchnoi,2722,2722,
1959 Q4,Mikhail Tal,2779,2779,
1959 Q4,Paul Keres,2764,2764,
1959 Q4,Tigran Petrosian,2762,2762,
1959 Q4,Vassily Smyslov,2744,2744,
1959 Q4,Mikhail Botvinnik,2744,2744,
1959 Q4,Boris Spassky,2738,2738,
1959 Q4,Viktor Korchnoi,2722,2722,
1960 Q1,Mikhail Tal,2787,2787,
1960 Q1,Paul Keres,2770,2770,
1960 Q1,Tigran Petrosian,2760,2760,
1960 Q1,Boris Spassky,2757,2757,
1960 Q1,Vassily Smyslov,2757,2757,
1960 Q1,Mikhail Botvinnik,2741,2741,
1960 Q1,Viktor Korchnoi,2721,2721,
1960 Q2,Mikhail Tal,2793,2793,
1960 Q2,Paul Keres,2772,2772,
1960 Q2,Tigran Petrosian,2764,2764,
1960 Q2,Boris Spassky,2759,2759,
1960 Q2,Vassily Smyslov,2755,2755,
1960 Q2,Viktor Korchnoi,2731,2731,
1960 Q2,Mikhail Botvinnik,2726,2726,
1960 Q3,Mikhail Tal,2793,2793,
1960 Q3,Paul Keres,2768,2768,
1960 Q3,Tigran Petrosian,2766,2766,
1960 Q3,Boris Spassky,2759,2759,
1960 Q3,Vassily Smyslov,2751,2751,
1960 Q3,Viktor Korchnoi,2733,2733,
1960 Q3,Mikhail Botvinnik,2719,2719,
1960 Q4,Mikhail Tal,2799,2799,
1960 Q4,Tigran Petrosian,2776,2776,
1960 Q4,Paul Keres,2766,2766,
1960 Q4,Boris Spassky,2753,2753,
1960 Q4,Viktor Korchnoi,2752,2752,
1960 Q4,Vassily Smyslov,2749,2749,
1960 Q4,Mikhail Botvinnik,2707,2707,
1961 Q1,Mikhail Tal,2794,2794,
1961 Q1,Tigran Petrosian,2782,2782,
1961 Q1,Vassily Smyslov,2760,2760,
1961 Q1,Paul Keres,2758,2758,
1961 Q1,Viktor Korchnoi,2754,2754,
1961 Q1,Boris Spassky,2747,2747,
1961 Q1,Bobby Fischer,2727,2727,
1961 Q1,Mikhail Botvinnik,2720,2720,
1961 Q2,Mikhail Tal,2791,2791,
1961 Q2,Tigran Petrosian,2784,2784,
1961 Q2,Vassily Smyslov,2758,2758,
1961 Q2,Paul Keres,2757,2757,
1961 Q2,Viktor Korchnoi,2757,2757,
1961 Q2,Boris Spassky,2743,2743,
1961 Q2,Mikhail Botvinnik,2743,2743,
1961 Q2,Bobby Fischer,2728,2728,
1961 Q3,Tigran Petrosian,2785,2785,
1961 Q3,Viktor Korchnoi,2774,2774,
1961 Q3,Mikhail Tal,2773,2773,
1961 Q3,Mikhail Botvinnik,2771,2771,
1961 Q3,Vassily Smyslov,2761,2761,
1961 Q3,Paul Keres,2757,2757,
1961 Q3,Boris Spassky,2749,2749,
1961 Q3,Bobby Fischer,2730,2730,
1961 Q4,Tigran Petrosian,2786,2786,
1961 Q4,Mikhail Tal,2783,2783,
1961 Q4,Viktor Korchnoi,2776,2776,
1961 Q4,Mikhail Botvinnik,2772,2772,
1961 Q4,Paul Keres,2762,2762,
1961 Q4,Vassily Smyslov,2758,2758,
1961 Q4,Boris Spassky,2745,2745,
1961 Q4,Bobby Fischer,2745,2745,
1962 Q1,Tigran Petrosian,2788,2788,
1962 Q1,Viktor Korchnoi,2777,2777,
1962 Q1,Mikhail Botvinnik,2774,2774,
1962 Q1,Mikhail Tal,2772,2772,
1962 Q1,Boris Spassky,2759,2759,
1962 Q1,Paul Keres,2747,2747,
1962 Q1,Bobby Fischer,2738,2738,
1962 Q1,Vassily Smyslov,2737,2737,
1962 Q2,Tigran Petrosian,2783,2783,
1962 Q2,Mikhail Botvinnik,2772,2772,
1962 Q2,Viktor Korchnoi,2770,2770,
1962 Q2,Mikhail Tal,2769,2769,
1962 Q2,Bobby Fischer,2761,2761,
1962 Q2,Boris Spassky,2757,2757,
1962 Q2,Paul Keres,2744,2744,
1962 Q2,Vassily Smyslov,2733,2733,
1962 Q3,Paul Keres,2764,2764,
1962 Q3,Mikhail Botvinnik,2764,2764,
1962 Q3,Viktor Korchnoi,2763,2763,
1962 Q3,Bobby Fischer,2761,2761,
1962 Q3,Boris Spassky,2756,2756,
1962 Q3,Mikhail Tal,2740,2740,
1962 Q3,Vassily Smyslov,2733,2733,
1962 Q4,Tigran Petrosian,2796,2796,
1962 Q4,Tigran Petrosian,2794,2794,
1962 Q4,Boris Spassky,2762,2762,
1962 Q4,Viktor Korchnoi,2760,2760,
1962 Q4,Paul Keres,2755,2755,
1962 Q4,Mikhail Botvinnik,2755,2755,
1962 Q4,Bobby Fischer,2755,2755,
1962 Q4,Vassily Smyslov,2732,2732,
1962 Q4,Mikhail Tal,2732,2732,
1963 Q1,Tigran Petrosian,2792,2792,
1963 Q1,Viktor Korchnoi,2761,2761,
1963 Q1,Boris Spassky,2758,2758,
1963 Q1,Mikhail Botvinnik,2756,2756,
1963 Q1,Paul Keres,2755,2755,
1963 Q1,Bobby Fischer,2752,2752,
1963 Q1,Mikhail Tal,2731,2731,
1963 Q1,Vassily Smyslov,2728,2728,
1963 Q2,Tigran Petrosian,2785,2785,
1963 Q2,Mikhail Botvinnik,2766,2766,
1963 Q2,Viktor Korchnoi,2760,2760,
1963 Q2,Bobby Fischer,2759,2759,
1963 Q2,Boris Spassky,2758,2758,
1963 Q2,Paul Keres,2757,2757,
1963 Q2,Mikhail Tal,2730,2730,
1963 Q2,Vassily Smyslov,2725,2725,
1963 Q3,Tigran Petrosian,2793,2793,
1963 Q3,Viktor Korchnoi,2760,2760,
1963 Q3,Paul Keres,2758,2758,
1963 Q3,Boris Spassky,2757,2757,
1963 Q3,Bobby Fischer,2757,2757,
1963 Q3,Mikhail Botvinnik,2753,2753,
1963 Q3,Mikhail Tal,2726,2726,
1963 Q3,Vassily Smyslov,2724,2724,
1963 Q4,Tigran Petrosian,2794,2794,
1963 Q4,Mikhail Botvinnik,2769,2769,
1963 Q4,Bobby Fischer,2765,2765,
1963 Q4,Viktor Korchnoi,2763,2763,
1963 Q4,Paul Keres,2759,2759,
1963 Q4,Boris Spassky,2746,2746,
1963 Q4,Mikhail Tal,2736,2736,
1963 Q4,Vassily Smyslov,2729,2729,
1964 Q1,Tigran Petrosian,2788,2788,
1964 Q1,Bobby Fischer,2788,2788,
1964 Q1,Mikhail Botvinnik,2767,2767,
1964 Q1,Boris Spassky,2749,2749,
1964 Q1,Viktor Korchnoi,2749,2749,
1964 Q1,Paul Keres,2748,2748,
1964 Q1,Mikhail Tal,2740,2740,
1964 Q1,Vassily Smyslov,2739,2739,
1964 Q2,Bobby Fischer,2790,2790,
1964 Q2,Tigran Petrosian,2784,2784,
1964 Q2,Mikhail Botvinnik,2765,2765,
1964 Q2,Boris Spassky,2747,2747,
1964 Q2,Paul Keres,2747,2747,
1964 Q2,Mikhail Tal,2746,2746,
1964 Q2,Viktor Korchnoi,2744,2744,
1964 Q2,Vassily Smyslov,2739,2739,
1964 Q3,Bobby Fischer,2784,2784,
1964 Q3,Tigran Petrosian,2772,2772,
1964 Q3,Boris Spassky,2756,2756,
1964 Q3,Mikhail Tal,2751,2751,
1964 Q3,Mikhail Botvinnik,2747,2747,
1964 Q3,Vassily Smyslov,2744,2744,
1964 Q3,Paul Keres,2743,2743,
1964 Q3,Viktor Korchnoi,2738,2738,
1964 Q4,Bobby Fischer,2779,2779,
1964 Q4,Tigran Petrosian,2767,2767,
1964 Q4,Boris Spassky,2754,2754,
1964 Q4,Mikhail Tal,2754,2754,
1964 Q4,Vassily Smyslov,2744,2744,
1964 Q4,Paul Keres,2743,2743,
1964 Q4,Mikhail Botvinnik,2738,2738,
1964 Q4,Viktor Korchnoi,2735,2735,
1965 Q1,Bobby Fischer,2774,2774,
1965 Q1,Mikhail Tal,2763,2763,
1965 Q1,Tigran Petrosian,2762,2762,
1965 Q1,Boris Spassky,2750,2750,
1965 Q1,Viktor Korchnoi,2749,2749,
1965 Q1,Mikhail Botvinnik,2749,2749,
1965 Q1,Vassily Smyslov,2744,2744,
1965 Q1,Paul Keres,2739,2739,
1965 Q2,Mikhail Tal,2766,2766,
1965 Q2,Bobby Fischer,2765,2765,
1965 Q2,Tigran Petrosian,2754,2754,
1965 Q2,Viktor Korchnoi,2753,2753,
1965 Q2,Boris Spassky,2752,2752,
1965 Q2,Vassily Smyslov,2741,2741,
1965 Q2,Mikhail Botvinnik,2740,2740,
1965 Q2,Paul Keres,2734,2734,
1965 Q3,Mikhail Tal,2773,2773,
1965 Q3,Bobby Fischer,2758,2758,
1965 Q3,Viktor Korchnoi,2755,2755,
1965 Q3,Boris Spassky,2752,2752,
1965 Q3,Tigran Petrosian,2749,2749,
1965 Q3,Vassily Smyslov,2738,2738,
1965 Q3,Mikhail Botvinnik,2737,2737,
1965 Q3,Paul Keres,2733,2733,
1965 Q4,Viktor Korchnoi,2775,2775,
1965 Q4,Mikhail Tal,2773,2773,
1965 Q4,Boris Spassky,2755,2755,
1965 Q4,Bobby Fischer,2745,2745,
1965 Q4,Tigran Petrosian,2742,2742,
1965 Q4,Vassily Smyslov,2737,2737,
1965 Q4,Mikhail Botvinnik,2733,2733,
1966 Q1,Boris Spassky,2767,2767,
1966 Q1,Mikhail Tal,2763,2763,
1966 Q1,Viktor Korchnoi,2755,2755,
1966 Q1,Bobby Fischer,2744,2744,
1966 Q1,Tigran Petrosian,2735,2735,
1966 Q1,Vassily Smyslov,2732,2732,
1966 Q1,Mikhail Botvinnik,2725,2725,
1966 Q2,Boris Spassky,2767,2767,
1966 Q2,Mikhail Tal,2761,2761,
1966 Q2,Viktor Korchnoi,2753,2753,
1966 Q2,Bobby Fischer,2751,2751,
1966 Q2,Vassily Smyslov,2738,2738,
1966 Q2,Tigran Petrosian,2736,2736,
1966 Q2,Mikhail Botvinnik,2722,2722,
1966 Q3,Mikhail Tal,2761,2761,
1966 Q3,Viktor Korchnoi,2761,2761,
1966 Q3,Boris Spassky,2757,2757,
1966 Q3,Bobby Fischer,2752,2752,
1966 Q3,Tigran Petrosian,2748,2748,
1966 Q3,Vassily Smyslov,2733,2733,
1966 Q3,Mikhail Botvinnik,2717,2717,
1966 Q4,Bobby Fischer,2772,2772,
1966 Q4,Viktor Korchnoi,2758,2758,
1966 Q4,Boris Spassky,2756,2756,
1966 Q4,Tigran Petrosian,2748,2748,
1966 Q4,Mikhail Tal,2747,2747,
1966 Q4,Mikhail Botvinnik,2744,2744,
1966 Q4,Vassily Smyslov,2732,2732,
1967 Q1,Bobby Fischer,2805,2805,
1967 Q1,Mikhail Tal,2765,2765,
1967 Q1,Tigran Petrosian,2763,2763,
1967 Q1,Boris Spassky,2753,2753,
1967 Q1,Viktor Korchnoi,2749,2749,
1967 Q1,Mikhail Botvinnik,2735,2735,
1967 Q1,Vassily Smyslov,2731,2731,
1967 Q2,Bobby Fischer,2807,2807,
1967 Q2,Tigran Petrosian,2763,2763,
1967 Q2,Mikhail Tal,2762,2762,
1967 Q2,Boris Spassky,2754,2754,
1967 Q2,Viktor Korchnoi,2750,2750,
1967 Q2,Vassily Smyslov,2736,2736,
1967 Q2,Mikhail Botvinnik,2730,2730,
1967 Q3,Bobby Fischer,2797,2797,
1967 Q3,Mikhail Tal,2757,2757,
1967 Q3,Viktor Korchnoi,2754,2754,
1967 Q3,Tigran Petrosian,2751,2751,
1967 Q3,Boris Spassky,2748,2748,
1967 Q3,Vassily Smyslov,2739,2739,
1967 Q3,Mikhail Botvinnik,2736,2736,
1967 Q4,Bobby Fischer,2797,2797,
1967 Q4,Viktor Korchnoi,2760,2760,
1967 Q4,Mikhail Tal,2754,2754,
1967 Q4,Tigran Petrosian,2753,2753,
1967 Q4,Boris Spassky,2752,2752,
1967 Q4,Mikhail Botvinnik,2743,2743,
1967 Q4,Vassily Smyslov,2739,2739,
1968 Q1,Bobby Fischer,2801,2801,
1968 Q1,Viktor Korchnoi,2759,2759,
1968 Q1,Mikhail Tal,2757,2757,
1968 Q1,Boris Spassky,2748,2748,
1968 Q1,Tigran Petrosian,2747,2747,
1968 Q1,Vassily Smyslov,2743,2743,
1968 Q1,Mikhail Botvinnik,2742,2742,
1968 Q2,Bobby Fischer,2800,2800,
1968 Q2,Viktor Korchnoi,2773,2773,
1968 Q2,Boris Spassky,2753,2753,
1968 Q2,Mikhail Tal,2749,2749,
1968 Q2,Tigran Petrosian,2747,2747,
1968 Q2,Vassily Smyslov,2741,2741,
1968 Q2,Mikhail Botvinnik,2737,2737,
1968 Q3,Bobby Fischer,2795,2795,
1968 Q3,Viktor Korchnoi,2778,2778,
1968 Q3,Boris Spassky,2753,2753,
1968 Q3,Mikhail Botvinnik,2751,2751,
1968 Q3,Mikhail Tal,2745,2745,
1968 Q3,Tigran Petrosian,2738,2738,
1968 Q3,Vassily Smyslov,2738,2738,
1968 Q4,Bobby Fischer,2798,2798,
1968 Q4,Viktor Korchnoi,2769,2769,
1968 Q4,Boris Spassky,2766,2766,
1968 Q4,Mikhail Botvinnik,2746,2746,
1968 Q4,Mikhail Tal,2737,2737,
1968 Q4,Vassily Smyslov,2736,2736,
1968 Q4,Tigran Petrosian,2734,2734,
1969 Q1,Bobby Fischer,2795,2795,
1969 Q1,Viktor Korchnoi,2780,2780,
1969 Q1,Boris Spassky,2771,2771,
1969 Q1,Tigran Petrosian,2748,2748,
1969 Q1,Vassily Smyslov,2744,2744,
1969 Q1,Mikhail Botvinnik,2734,2734,
1969 Q2,Bobby Fischer,2796,2796,
1969 Q2,Viktor Korchnoi,2778,2778,
1969 Q2,Boris Spassky,2770,2770,
1969 Q2,Tigran Petrosian,2750,2750,
1969 Q2,Vassily Smyslov,2746,2746,
1969 Q2,Mikhail Botvinnik,2739,2739,
1969 Q3,Bobby Fischer,2793,2793,
1969 Q3,Viktor Korchnoi,2777,2777,
1969 Q3,Boris Spassky,2773,2773,
1969 Q3,Tigran Petrosian,2749,2749,
1969 Q3,Vassily Smyslov,2748,2748,
1969 Q3,Mikhail Botvinnik,2734,2734,
1969 Q4,Bobby Fischer,2791,2791,
1969 Q4,Viktor Korchnoi,2774,2774,
1969 Q4,Boris Spassky,2770,2770,
1969 Q4,Vassily Smyslov,2759,2759,
1969 Q4,Tigran Petrosian,2749,2749,
1969 Q4,Mikhail Botvinnik,2731,2731,
1970 Q1,Bobby Fischer,2788,2788,
1970 Q1,Viktor Korchnoi,2775,2775,
1970 Q1,Boris Spassky,2767,2767,
1970 Q1,Tigran Petrosian,2747,2747,
1970 Q1,Vassily Smyslov,2745,2745,
1970 Q2,Bobby Fischer,2797,2797,
1970 Q2,Viktor Korchnoi,2776,2776,
1970 Q2,Boris Spassky,2770,2770,
1970 Q2,Tigran Petrosian,2746,2746,
1970 Q2,Vassily Smyslov,2746,2746,
1970 Q3,Bobby Fischer,2808,2808,
1970 Q3,Viktor Korchnoi,2769,2769,
1970 Q3,Boris Spassky,2763,2763,
1970 Q3,Vassily Smyslov,2748,2748,
1970 Q3,Tigran Petrosian,2742,2742,
1970 Q4,Bobby Fischer,2825,2825,
1970 Q4,Boris Spassky,2769,2769,
1970 Q4,Viktor Korchnoi,2753,2753,
1970 Q4,Tigran Petrosian,2740,2740,
1971 Q1,Bobby Fischer,2850,2850,
1971 Q1,Boris Spassky,2769,2769,
1971 Q1,Viktor Korchnoi,2750,2750,
1971 Q1,Tigran Petrosian,2732,2732,
1971 Q2,Bobby Fischer,2847,2847,
1971 Q2,Boris Spassky,2767,2767,
1971 Q2,Viktor Korchnoi,2749,2749,
1971 Q2,Tigran Petrosian,2731,2731,
1971 Q3,Bobby Fischer,2869,2869,
1971 Q3,Boris Spassky,2765,2765,
1971 Q3,Viktor Korchnoi,2748,2748,
1971 Q3,Tigran Petrosian,2735,2735,
1971 Q4,Bobby Fischer,2895,2895,
1971 Q4,Boris Spassky,2756,2756,
1971 Q4,Viktor Korchnoi,2751,2751,
1971 Q4,Tigran Petrosian,2735,2735,
1972 Q1,Bobby Fischer,2893,2893,
1972 Q1,Boris Spassky,2747,2747,
1972 Q1,Viktor Korchnoi,2747,2747,
1972 Q1,Anatoly Karpov,2737,2737,
1972 Q1,Tigran Petrosian,2736,2736,
1972 Q1,Mikhail Tal,2725,2725,
1972 Q2,Bobby Fischer,2891,2891,
1972 Q2,Boris Spassky,2747,2747,
1972 Q2,Viktor Korchnoi,2747,2747,
1972 Q2,Tigran Petrosian,2742,2742,
1972 Q2,Anatoly Karpov,2740,2740,
1972 Q2,Mikhail Tal,2725,2725,
1972 Q3,Bobby Fischer,2882,2882,
1972 Q3,Anatoly Karpov,2744,2744,
1972 Q3,Viktor Korchnoi,2743,2743,
1972 Q3,Tigran Petrosian,2741,2741,
1972 Q3,Boris Spassky,2739,2739,
1972 Q3,Mikhail Tal,2729,2729,
1972 Q4,Bobby Fischer,2870,2870,
1972 Q4,Boris Spassky,2752,2752,
1972 Q4,Mikhail Tal,2746,2746,
1972 Q4,Anatoly Karpov,2743,2743,
1972 Q4,Tigran Petrosian,2741,2741,
1972 Q4,Viktor Korchnoi,2738,2738,
1973 Q1,Bobby Fischer,2865,2865,
1973 Q1,Mikhail Tal,2762,2762,
1973 Q1,Anatoly Karpov,2754,2754,
1973 Q1,Boris Spassky,2748,2748,
1973 Q1,Tigran Petrosian,2741,2741,
1973 Q1,Viktor Korchnoi,2739,2739,
1973 Q2,Bobby Fischer,2856,2856,
1973 Q2,Mikhail Tal,2777,2777,
1973 Q2,Anatoly Karpov,2751,2751,
1973 Q2,Tigran Petrosian,2741,2741,
1973 Q2,Viktor Korchnoi,2741,2741,
1973 Q2,Boris Spassky,2732,2732,
1973 Q3,Bobby Fischer,2843,2843,
1973 Q3,Anatoly Karpov,2778,2778,
1973 Q3,Mikhail Tal,2756,2756,
1973 Q3,Viktor Korchnoi,2754,2754,
1973 Q3,Tigran Petrosian,2737,2737,
1973 Q4,Bobby Fischer,2835,2835,
1973 Q4,Anatoly Karpov,2778,2778,
1973 Q4,Mikhail Tal,2755,2755,
1973 Q4,Viktor Korchnoi,2752,2752,
1973 Q4,Tigran Petrosian,2733,2733,
1973 Q4,Boris Spassky,2721,2721,
1974 Q1,Bobby Fischer,2829,2829,
1974 Q1,Anatoly Karpov,2782,2782,
1974 Q1,Viktor Korchnoi,2755,2755,
1974 Q1,Mikhail Tal,2744,2744,
1974 Q1,Tigran Petrosian,2738,2738,
1974 Q1,Boris Spassky,2731,2731,
1974 Q2,Bobby Fischer,2816,2816,
1974 Q2,Anatoly Karpov,2787,2787,
1974 Q2,Viktor Korchnoi,2758,2758,
1974 Q2,Mikhail Tal,2748,2748,
1974 Q2,Tigran Petrosian,2738,2738,
1974 Q2,Boris Spassky,2732,2732,
1974 Q3,Bobby Fischer,2800,2800,
1974 Q3,Anatoly Karpov,2799,2799,
1974 Q3,Viktor Korchnoi,2764,2764,
1974 Q3,Mikhail Tal,2744,2744,
1974 Q3,Tigran Petrosian,2743,2743,
1974 Q3,Boris Spassky,2730,2730,
1974 Q4,Anatoly Karpov,2801,2801,
1974 Q4,Bobby Fischer,2787,2787,
1974 Q4,Viktor Korchnoi,2770,2770,
1974 Q4,Mikhail Tal,2753,2753,
1974 Q4,Tigran Petrosian,2743,2743,
1974 Q4,Boris Spassky,2726,2726,
1975 Q1,Anatoly Karpov,2804,2804,
1975 Q1,Bobby Fischer,2774,2774,
1975 Q1,Viktor Korchnoi,2772,2772,
1975 Q1,Mikhail Tal,2751,2751,
1975 Q1,Tigran Petrosian,2739,2739,
1975 Q1,Boris Spassky,2721,2721,
1975 Q2,Anatoly Karpov,2803,2803,
1975 Q2,Viktor Korchnoi,2772,2772,
1975 Q2,Bobby Fischer,2761,2761,
1975 Q2,Mikhail Tal,2750,2750,
1975 Q2,Tigran Petrosian,2739,2739,
1975 Q2,Boris Spassky,2720,2720,
1975 Q3,Anatoly Karpov,2805,2805,
1975 Q3,Viktor Korchnoi,2777,2777,
1975 Q3,Mikhail Tal,2752,2752,
1975 Q3,Tigran Petrosian,2734,2734,
1975 Q3,Boris Spassky,2719,2719,
1975 Q4,Anatoly Karpov,2804,2804,
1975 Q4,Viktor Korchnoi,2770,2770,
1975 Q4,Mikhail Tal,2739,2739,
1975 Q4,Tigran Petrosian,2734,2734,
1975 Q4,Boris Spassky,2718,2718,
1976 Q1,Anatoly Karpov,2798,2798,
1976 Q1,Viktor Korchnoi,2760,2760,
1976 Q1,Tigran Petrosian,2741,2741,
1976 Q1,Mikhail Tal,2737,2737,
1976 Q1,Boris Spassky,2724,2724,
1976 Q2,Anatoly Karpov,2807,2807,
1976 Q2,Viktor Korchnoi,2753,2753,
1976 Q2,Tigran Petrosian,2742,2742,
1976 Q2,Mikhail Tal,2738,2738,
1976 Q2,Boris Spassky,2726,2726,
1976 Q3,Anatoly Karpov,2804,2804,
1976 Q3,Viktor Korchnoi,2763,2763,
1976 Q3,Tigran Petrosian,2739,2739,
1976 Q3,Mikhail Tal,2734,2734,
1976 Q4,Anatoly Karpov,2797,2797,
1976 Q4,Viktor Korchnoi,2760,2760,
1976 Q4,Tigran Petrosian,2744,2744,
1976 Q4,Mikhail Tal,2737,2737,
1977 Q1,Anatoly Karpov,2806,2806,
1977 Q1,Viktor Korchnoi,2763,2763,
1977 Q1,Tigran Petrosian,2754,2754,
1977 Q1,Mikhail Tal,2731,2731,
1977 Q2,Anatoly Karpov,2813,2813,
1977 Q2,Viktor Korchnoi,2763,2763,
1977 Q2,Tigran Petrosian,2752,2752,
1977 Q2,Mikhail Tal,2734,2734,
1977 Q2,Boris Spassky,2719,2719,
1977 Q3,Anatoly Karpov,2821,2821,
1977 Q3,Viktor Korchnoi,2762,2762,
1977 Q3,Tigran Petrosian,2748,2748,
1977 Q3,Mikhail Tal,2729,2729,
1977 Q3,Boris Spassky,2719,2719,
1977 Q4,Anatoly Karpov,2820,2820,
1977 Q4,Viktor Korchnoi,2779,2779,
1977 Q4,Mikhail Tal,2747,2747,
1977 Q4,Tigran Petrosian,2738,2738,
1977 Q4,Boris Spassky,2734,2734,
1978 Q1,Anatoly Karpov,2824,2824,
1978 Q1,Viktor Korchnoi,2789,2789,
1978 Q1,Mikhail Tal,2746,2746,
1978 Q1,Tigran Petrosian,2741,2741,
1978 Q1,Boris Spassky,2736,2736,
1978 Q2,Anatoly Karpov,2826,2826,
1978 Q2,Viktor Korchnoi,2803,2803,
1978 Q2,Boris Spassky,2755,2755,
1978 Q2,Mikhail Tal,2746,2746,
1978 Q2,Tigran Petrosian,2741,2741,
1978 Q3,Anatoly Karpov,2822,2822,
1978 Q3,Viktor Korchnoi,2806,2806,
1978 Q3,Boris Spassky,2755,2755,
1978 Q3,Mikhail Tal,2739,2739,
1978 Q3,Tigran Petrosian,2737,2737,
1978 Q4,Anatoly Karpov,2829,2829,
1978 Q4,Viktor Korchnoi,2808,2808,
1978 Q4,Boris Spassky,2752,2752,
1978 Q4,Mikhail Tal,2738,2738,
1978 Q4,Tigran Petrosian,2734,2734,
1979 Q1,Anatoly Karpov,2825,2825,
1979 Q1,Viktor Korchnoi,2813,2813,
1979 Q1,Mikhail Tal,2748,2748,
1979 Q1,Boris Spassky,2747,2747,
1979 Q1,Tigran Petrosian,2734,2734,
1979 Q2,Anatoly Karpov,2818,2818,
1979 Q2,Viktor Korchnoi,2800,2800,
1979 Q2,Mikhail Tal,2747,2747,
1979 Q2,Boris Spassky,2742,2742,
1979 Q2,Tigran Petrosian,2740,2740,
1979 Q3,Anatoly Karpov,2831,2831,
1979 Q3,Viktor Korchnoi,2801,2801,
1979 Q3,Mikhail Tal,2761,2761,
1979 Q3,Boris Spassky,2735,2735,
1979 Q3,Tigran Petrosian,2729,2729,
1979 Q3,Garry Kasparov,2725,2725,
1979 Q4,Anatoly Karpov,2824,2824,
1979 Q4,Viktor Korchnoi,2801,2801,
1979 Q4,Mikhail Tal,2771,2771,
1979 Q4,Boris Spassky,2736,2736,
1979 Q4,Tigran Petrosian,2734,2734,
1979 Q4,Garry Kasparov,2715,2715,
1980 Q1,Anatoly Karpov,2823,2823,
1980 Q1,Viktor Korchnoi,2795,2795,
1980 Q1,Mikhail Tal,2755,2755,
1980 Q1,Boris Spassky,2731,2731,
1980 Q1,Garry Kasparov,2729,2729,
1980 Q2,Anatoly Karpov,2814,2814,
1980 Q2,Viktor Korchnoi,2788,2788,
1980 Q2,Mikhail Tal,2740,2740,
1980 Q2,Garry Kasparov,2740,2740,
1980 Q2,Boris Spassky,2733,2733,
1980 Q3,Anatoly Karpov,2824,2824,
1980 Q3,Viktor Korchnoi,2788,2788,
1980 Q3,Garry Kasparov,2755,2755,
1980 Q3,Boris Spassky,2732,2732,
1980 Q3,Mikhail Tal,2729,2729,
1980 Q4,Anatoly Karpov,2826,2826,
1980 Q4,Viktor Korchnoi,2785,2785,
1980 Q4,Garry Kasparov,2752,2752,
1980 Q4,Boris Spassky,2734,2734,
1980 Q4,Mikhail Tal,2726,2726,
1981 Q1,Anatoly Karpov,2811,2811,
1981 Q1,Viktor Korchnoi,2775,2775,
1981 Q1,Garry Kasparov,2748,2748,
1981 Q1,Boris Spassky,2733,2733,
1981 Q1,Mikhail Tal,2714,2714,
1981 Q2,Anatoly Karpov,2813,2813,
1981 Q2,Viktor Korchnoi,2787,2787,
1981 Q2,Garry Kasparov,2755,2755,
1981 Q2,Boris Spassky,2723,2723,
1981 Q2,Mikhail Tal,2721,2721,
1981 Q3,Anatoly Karpov,2814,2814,
1981 Q3,Viktor Korchnoi,2787,2787,
1981 Q3,Garry Kasparov,2758,2758,
1981 Q3,Boris Spassky,2721,2721,
1981 Q3,Mikhail Tal,2717,2717,
1981 Q4,Anatoly Karpov,2812,2812,
1981 Q4,Viktor Korchnoi,2777,2777,
1981 Q4,Garry Kasparov,2766,2766,
1981 Q4,Mikhail Tal,2722,2722,
1982 Q1,Anatoly Karpov,2817,2817,
1982 Q1,Garry Kasparov,2786,2786,
1982 Q1,Viktor Korchnoi,2764,2764,
1982 Q1,Mikhail Tal,2724,2724,
1982 Q1,Boris Spassky,2715,2715,
1982 Q2,Anatoly Karpov,2804,2804,
1982 Q2,Garry Kasparov,2786,2786,
1982 Q2,Viktor Korchnoi,2767,2767,
1982 Q2,Mikhail Tal,2717,2717,
1982 Q3,Anatoly Karpov,2799,2799,
1982 Q3,Garry Kasparov,2798,2798,
1982 Q3,Mikhail Tal,2718,2718,
1982 Q4,Garry Kasparov,2810,2810,
1982 Q4,Anatoly Karpov,2803,2803,
1982 Q4,Boris Spassky,2722,2722,
1982 Q4,Mikhail Tal,2722,2722,
1983 Q1,Garry Kasparov,2823,2823,
1983 Q1,Anatoly Karpov,2810,2810,
1983 Q1,Mikhail Tal,2729,2729,
1983 Q1,Boris Spassky,2723,2723,
1983 Q2,Garry Kasparov,2828,2828,
1983 Q2,Anatoly Karpov,2805,2805,
1983 Q2,Boris Spassky,2734,2734,
1983 Q2,Mikhail Tal,2729,2729,
1983 Q3,Garry Kasparov,2826,2826,
1983 Q3,Anatoly Karpov,2802,2802,
1983 Q3,Boris Spassky,2732,2732,
1983 Q4,Garry Kasparov,2842,2842,
1983 Q4,Anatoly Karpov,2806,2806,
1983 Q4,Boris Spassky,2732,2732,
1984 Q1,Garry Kasparov,2841,2841,
1984 Q1,Anatoly Karpov,2806,2806,
1984 Q1,Boris Spassky,2720,2720,
1984 Q2,Garry Kasparov,2847,2847,
1984 Q2,Anatoly Karpov,2806,2806,
1984 Q3,Garry Kasparov,2844,2844,
1984 Q3,Anatoly Karpov,2811,2811,
1984 Q4,Garry Kasparov,2828,2828,
1984 Q4,Anatoly Karpov,2824,2824,
1985 Q1,Anatoly Karpov,2826,2826,
1985 Q1,Garry Kasparov,2823,2823,
1985 Q2,Garry Kasparov,2829,2829,
1985 Q2,Anatoly Karpov,2822,2822,
1985 Q3,Garry Kasparov,2824,2824,
1985 Q3,Anatoly Karpov,2818,2818,
1985 Q4,Garry Kasparov,2830,2830,
1985 Q4,Anatoly Karpov,2828,2828,
1985 Q4,Boris Spassky,2718,2718,
1986 Q1,Garry Kasparov,2842,2842,
1986 Q1,Anatoly Karpov,2823,2823,
1986 Q1,Boris Spassky,2725,2725,
1986 Q2,Garry Kasparov,2838,2838,
1986 Q2,Anatoly Karpov,2822,2822,
1986 Q2,Boris Spassky,2727,2727,
1986 Q3,Garry Kasparov,2849,2849,
1986 Q3,Anatoly Karpov,2829,2829,
1986 Q3,Boris Spassky,2729,2729,
1986 Q4,Garry Kasparov,2848,2848,
1986 Q4,Anatoly Karpov,2831,2831,
1987 Q1,Garry Kasparov,2850,2850,
1987 Q1,Anatoly Karpov,2819,2819,
1987 Q2,Garry Kasparov,2849,2849,
1987 Q2,Anatoly Karpov,2821,2821,
1987 Q3,Garry Kasparov,2858,2858,
1987 Q3,Anatoly Karpov,2824,2824,
1987 Q4,Garry Kasparov,2847,2847,
1987 Q4,Anatoly Karpov,2814,2814,
1988 Q1,Garry Kasparov,2843,2843,
1988 Q1,Anatoly Karpov,2817,2817,
1988 Q2,Garry Kasparov,2839,2839,
1988 Q2,Anatoly Karpov,2812,2812,
1988 Q2,Vassily Ivanchuk,2738,2738,
1988 Q3,Garry Kasparov,2876,2876,
1988 Q3,Anatoly Karpov,2834,2834,
1988 Q3,Vassily Ivanchuk,2733,2733,
1988 Q4,Garry Kasparov,2874,2874,
1988 Q4,Anatoly Karpov,2840,2840,
1988 Q4,Vassily Ivanchuk,2734,2734,
1989 Q1,Garry Kasparov,2879,2879,
1989 Q1,Anatoly Karpov,2845,2845,
1989 Q1,Vassily Ivanchuk,2738,2738,
1989 Q2,Garry Kasparov,2875,2875,
1989 Q2,Anatoly Karpov,2847,2847,
1989 Q2,Vassily Ivanchuk,2754,2754,
1989 Q3,Garry Kasparov,2867,2867,
1989 Q3,Anatoly Karpov,2838,2838,
1989 Q3,Vassily Ivanchuk,2760,2760,
1989 Q4,Garry Kasparov,2876,2876,
1989 Q4,Anatoly Karpov,2840,2840,
1989 Q4,Vassily Ivanchuk,2752,2752,
1990 Q1,Garry Kasparov,2883,2883,
1990 Q1,Anatoly Karpov,2834,2834,
1990 Q1,Vassily Ivanchuk,2763,2763,
1990 Q2,Garry Kasparov,2885,2885,
1990 Q2,Anatoly Karpov,2839,2839,
1990 Q2,Vassily Ivanchuk,2772,2772,
1990 Q3,Garry Kasparov,2878,2878,
1990 Q3,Anatoly Karpov,2830,2830,
1990 Q3,Vassily Ivanchuk,2775,2775,
1990 Q4,Garry Kasparov,2877,2877,
1990 Q4,Anatoly Karpov,2827,2827,
1990 Q4,Vassily Ivanchuk,2777,2777,
1991 Q1,Garry Kasparov,2870,2870,
1991 Q1,Anatoly Karpov,2827,2827,
1991 Q1,Vassily Ivanchuk,2779,2779,
1991 Q2,Garry Kasparov,2870,2870,
1991 Q2,Anatoly Karpov,2818,2818,
1991 Q2,Vassily Ivanchuk,2801,2801,
1991 Q3,Garry Kasparov,2866,2866,
1991 Q3,Anatoly Karpov,2816,2816,
1991 Q3,Vassily Ivanchuk,2796,2796,
1991 Q4,Garry Kasparov,2863,2863,
1991 Q4,Anatoly Karpov,2814,2814,
1991 Q4,Vassily Ivanchuk,2797,2797,
1992 Q1,Garry Kasparov,2865,2865,
1992 Q1,Anatoly Karpov,2808,2808,
1992 Q1,Vassily Ivanchuk,2795,2795,
1992 Q1,Viswanathan Anand,2739,2739,
1992 Q2,Garry Kasparov,2873,2873,
1992 Q2,Anatoly Karpov,2807,2807,
1992 Q2,Vassily Ivanchuk,2799,2799,
1992 Q2,Viswanathan Anand,2739,2739,
1992 Q3,Garry Kasparov,2879,2879,
1992 Q3,Vassily Ivanchuk,2802,2802,
1992 Q3,Anatoly Karpov,2801,2801,
1992 Q3,Viswanathan Anand,2742,2742,
1992 Q3,Vladimir Kramnik,2724,2724,
1992 Q4,Garry Kasparov,2877,2877,
1992 Q4,Anatoly Karpov,2809,2809,
1992 Q4,Vassily Ivanchuk,2793,2793,
1992 Q4,Viswanathan Anand,2752,2752,
1992 Q4,Vladimir Kramnik,2737,2737,
1993 Q1,Garry Kasparov,2877,2877,
1993 Q1,Anatoly Karpov,2812,2812,
1993 Q1,Vassily Ivanchuk,2798,2798,
1993 Q1,Viswanathan Anand,2761,2761,
1993 Q1,Vladimir Kramnik,2734,2734,
1993 Q2,Garry Kasparov,2884,2884,
1993 Q2,Anatoly Karpov,2814,2814,
1993 Q2,Vassily Ivanchuk,2791,2791,
1993 Q2,Viswanathan Anand,2772,2772,
1993 Q2,Vladimir Kramnik,2750,2750,
1993 Q3,Garry Kasparov,2881,2881,
1993 Q3,Anatoly Karpov,2814,2814,
1993 Q3,Vassily Ivanchuk,2788,2788,
1993 Q3,Viswanathan Anand,2778,2778,
1993 Q3,Vladimir Kramnik,2756,2756,
1993 Q4,Garry Kasparov,2882,2882,
1993 Q4,Anatoly Karpov,2807,2807,
1993 Q4,Vassily Ivanchuk,2782,2782,
1993 Q4,Viswanathan Anand,2778,2778,
1993 Q4,Vladimir Kramnik,2761,2761,
1994 Q1,Garry Kasparov,2864,2864,
1994 Q1,Anatoly Karpov,2800,2800,
1994 Q1,Viswanathan Anand,2780,2780,
1994 Q1,Vassily Ivanchuk,2779,2779,
1994 Q1,Vladimir Kramnik,2764,2764,
1994 Q2,Garry Kasparov,2864,2864,
1994 Q2,Anatoly Karpov,2820,2820,
1994 Q2,Viswanathan Anand,2781,2781,
1994 Q2,Vassily Ivanchuk,2770,2770,
1994 Q2,Vladimir Kramnik,2766,2766,
1994 Q3,Garry Kasparov,2862,2862,
1994 Q3,Anatoly Karpov,2822,2822,
1994 Q3,Viswanathan Anand,2786,2786,
1994 Q3,Vassily Ivanchuk,2777,2777,
1994 Q3,Vladimir Kramnik,2760,2760,
1994 Q4,Garry Kasparov,2865,2865,
1994 Q4,Anatoly Karpov,2814,2814,
1994 Q4,Viswanathan Anand,2792,2792,
1994 Q4,Vassily Ivanchuk,2784,2784,
1994 Q4,Vladimir Kramnik,2759,2759,
1995 Q1,Garry Kasparov,2853,2853,
1995 Q1,Anatoly Karpov,2807,2807,
1995 Q1,Viswanathan Anand,2796,2796,
1995 Q1,Vassily Ivanchuk,2781,2781,
1995 Q1,Vladimir Kramnik,2764,2764,
1995 Q2,Garry Kasparov,2845,2845,
1995 Q2,Anatoly Karpov,2813,2813,
1995 Q2,Viswanathan Anand,2802,2802,
1995 Q2,Vassily Ivanchuk,2791,2791,
1995 Q2,Vladimir Kramnik,2761,2761,
1995 Q3,Garry Kasparov,2847,2847,
1995 Q3,Anatoly Karpov,2811,2811,
1995 Q3,Viswanathan Anand,2807,2807,
1995 Q3,Vassily Ivanchuk,2793,2793,
1995 Q3,Vladimir Kramnik,2762,2762,
1995 Q4,Garry Kasparov,2843,2843,
1995 Q4,Anatoly Karpov,2816,2816,
1995 Q4,Viswanathan Anand,2809,2809,
1995 Q4,Vassily Ivanchuk,2789,2789,
1995 Q4,Vladimir Kramnik,2776,2776,
1996 Q1,Garry Kasparov,2831,2831,
1996 Q1,Anatoly Karpov,2815,2815,
1996 Q1,Viswanathan Anand,2800,2800,
1996 Q1,Vladimir Kramnik,2788,2788,
1996 Q1,Vassily Ivanchuk,2784,2784,
1996 Q2,Garry Kasparov,2830,2830,
1996 Q2,Anatoly Karpov,2805,2805,
1996 Q2,Viswanathan Anand,2797,2797,
1996 Q2,Vassily Ivanchuk,2788,2788,
1996 Q2,Vladimir Kramnik,2781,2781,
1996 Q3,Garry Kasparov,2833,2833,
1996 Q3,Anatoly Karpov,2810,2810,
1996 Q3,Viswanathan Anand,2798,2798,
1996 Q3,Vladimir Kramnik,2789,2789,
1996 Q3,Vassily Ivanchuk,2780,2780,
1996 Q4,Garry Kasparov,2842,2842,
1996 Q4,Anatoly Karpov,2809,2809,
1996 Q4,Viswanathan Anand,2806,2806,
1996 Q4,Vladimir Kramnik,2790,2790,
1996 Q4,Vassily Ivanchuk,2788,2788,
1997 Q1,Garry Kasparov,2850,2850,
1997 Q1,Viswanathan Anand,2810,2810,
1997 Q1,Anatoly Karpov,2795,2795,
1997 Q1,Vladimir Kramnik,2794,2794,
1997 Q1,Vassily Ivanchuk,2784,2784,
1997 Q2,Garry Kasparov,2859,2859,
1997 Q2,Viswanathan Anand,2804,2804,
1997 Q2,Vladimir Kramnik,2801,2801,
1997 Q2,Anatoly Karpov,2792,2792,
1997 Q2,Vassily Ivanchuk,2779,2779,
1997 Q3,Garry Kasparov,2859,2859,
1997 Q3,Viswanathan Anand,2823,2823,
1997 Q3,Vladimir Kramnik,2810,2810,
1997 Q3,Anatoly Karpov,2784,2784,
1997 Q3,Vassily Ivanchuk,2777,2777,
1997 Q4,Garry Kasparov,2863,2863,
1997 Q4,Viswanathan Anand,2825,2825,
1997 Q4,Vladimir Kramnik,2822,2822,
1997 Q4,Anatoly Karpov,2777,2777,
1997 Q4,Vassily Ivanchuk,2776,2776,
1998 Q1,Garry Kasparov,2861,2861,
1998 Q1,Viswanathan Anand,2830,2830,
1998 Q1,Vladimir Kramnik,2815,2815,
1998 Q1,Vassily Ivanchuk,2775,2775,
1998 Q1,Anatoly Karpov,2767,2767,
1998 Q2,Garry Kasparov,2854,2854,
1998 Q2,Viswanathan Anand,2833,2833,
1998 Q2,Vladimir Kramnik,2818,2818,
1998 Q2,Vassily Ivanchuk,2768,2768,
1998 Q2,Anatoly Karpov,2761,2761,
1998 Q3,Garry Kasparov,2850,2850,
1998 Q3,Viswanathan Anand,2827,2827,
1998 Q3,Vladimir Kramnik,2808,2808,
1998 Q3,Vassily Ivanchuk,2763,2763,
1998 Q3,Anatoly Karpov,2754,2754,
1998 Q4,Garry Kasparov,2846,2846,
1998 Q4,Viswanathan Anand,2825,2825,
1998 Q4,Vladimir Kramnik,2810,2810,
1998 Q4,Vassily Ivanchuk,2758,2758,
1998 Q4,Anatoly Karpov,2738,2738,
1999 Q1,Garry Kasparov,2840,2840,
1999 Q1,Viswanathan Anand,2825,2825,
1999 Q1,Vladimir Kramnik,2803,2803,
1999 Q1,Vassily Ivanchuk,2754,2754,
1999 Q1,Anatoly Karpov,2730,2730,
1999 Q2,Garry Kasparov,2876,2876,
1999 Q2,Viswanathan Anand,2832,2832,
1999 Q2,Vladimir Kramnik,2803,2803,
1999 Q2,Vassily Ivanchuk,2750,2750,
1999 Q3,Garry Kasparov,2884,2884,
1999 Q3,Viswanathan Anand,2821,2821,
1999 Q3,Vladimir Kramnik,2802,2802,
1999 Q3,Vassily Ivanchuk,2747,2747,
1999 Q4,Garry Kasparov,2873,2873,
1999 Q4,Viswanathan Anand,2816,2816,
1999 Q4,Vladimir Kramnik,2801,2801,
1999 Q4,Vassily Ivanchuk,2753,2753,
2000 Q1,Garry Kasparov,2868,2868,
2000 Q1,Viswanathan Anand,2810,2810,
2000 Q1,Vladimir Kramnik,2796,2796,
2000 Q1,Vassily Ivanchuk,2746,2746,
2000 Q2,Garry Kasparov,2871,2871,
2000 Q2,Viswanathan Anand,2803,2803,
2000 Q2,Vladimir Kramnik,2801,2801,
2000 Q2,Vassily Ivanchuk,2741,2741,
2000 Q3,Garry Kasparov,2876,2876,
2000 Q3,Viswanathan Anand,2804,2804,
2000 Q3,Vladimir Kramnik,2801,2801,
2000 Q3,Vassily Ivanchuk,2750,2750,
2000 Q4,Garry Kasparov,2871,2871,
2000 Q4,Viswanathan Anand,2808,2808,
2000 Q4,Vladimir Kramnik,2802,2802,
2000 Q4,Vassily Ivanchuk,2750,2750,
2001 Q1,Garry Kasparov,2850,2850,
2001 Q1,Viswanathan Anand,2820,2820,
2001 Q1,Vladimir Kramnik,2815,2815,
2001 Q1,Vassily Ivanchuk,2749,2749,
2001 Q2,Garry Kasparov,2861,2861,
2001 Q2,Viswanathan Anand,2824,2824,
2001 Q2,Vladimir Kramnik,2818,2818,
2001 Q2,Vassily Ivanchuk,2756,2756,
2001 Q3,Garry Kasparov,2862,2862,
2001 Q3,Viswanathan Anand,2823,2823,
2001 Q3,Vladimir Kramnik,2821,2821,
2001 Q3,Vassily Ivanchuk,2754,2754,
2001 Q4,Garry Kasparov,2860,2860,
2001 Q4,Vladimir Kramnik,2826,2826,
2001 Q4,Viswanathan Anand,2804,2804,
2001 Q4,Vassily Ivanchuk,2756,2756,
2002 Q1,Garry Kasparov,2854,2854,
2002 Q1,Vladimir Kramnik,2825,2825,
2002 Q1,Viswanathan Anand,2792,2792,
2002 Q1,Vassily Ivanchuk,2746,2746,
2002 Q2,Garry Kasparov,2854,2854,
2002 Q2,Vladimir Kramnik,2825,2825,
2002 Q2,Viswanathan Anand,2785,2785,
2002 Q2,Vassily Ivanchuk,2740,2740,
2002 Q3,Garry Kasparov,2850,2850,
2002 Q3,Vladimir Kramnik,2822,2822,
2002 Q3,Viswanathan Anand,2782,2782,
2002 Q3,Vassily Ivanchuk,2737,2737,
2002 Q4,Garry Kasparov,2843,2843,
2002 Q4,Vladimir Kramnik,2818,2818,
2002 Q4,Viswanathan Anand,2776,2776,
2002 Q4,Vassily Ivanchuk,2737,2737,
2003 Q1,Garry Kasparov,2852,2852,
2003 Q1,Vladimir Kramnik,2816,2816,
2003 Q1,Viswanathan Anand,2787,2787,
2003 Q2,Garry Kasparov,2833,2833,
2003 Q2,Vladimir Kramnik,2796,2796,
2003 Q2,Viswanathan Anand,2792,2792,
2003 Q3,Garry Kasparov,2824,2824,
2003 Q3,Viswanathan Anand,2788,2788,
2003 Q3,Vladimir Kramnik,2786,2786,
2003 Q4,Garry Kasparov,2823,2823,
2003 Q4,Viswanathan Anand,2779,2779,
2003 Q4,Vladimir Kramnik,2773,2773,
2004 Q1,Garry Kasparov,2814,2814,
2004 Q1,Viswanathan Anand,2776,2776,
2004 Q1,Vladimir Kramnik,2765,2765,
2004 Q1,Vassily Ivanchuk,2731,2731,
2004 Q2,Garry Kasparov,2798,2798,
2004 Q2,Viswanathan Anand,2788,2788,
2004 Q2,Vladimir Kramnik,2758,2758,
2004 Q3,Garry Kasparov,2793,2793,
2004 Q3,Viswanathan Anand,2789,2789,
2004 Q3,Vladimir Kramnik,2759,2759,
2004 Q4,Garry Kasparov,2788,2788,
2004 Q4,Viswanathan Anand,2785,2785,
2004 Q4,Vladimir Kramnik,2758,2758,
2005 Q1,Viswanathan Anand,2795,2795,
2005 Q1,Garry Kasparov,2788,2788,
2005 Q1,Vladimir Kramnik,2751,2751,
2005 Q2,Garry Kasparov,2812,2812,
2005 Q2,Viswanathan Anand,2785,2785,
2005 Q2,Vladimir Kramnik,2753,2753,
2005 Q2,Vassily Ivanchuk,2739,2739,
2005 Q3,Viswanathan Anand,2788,2788,
2005 Q3,Vassily Ivanchuk,2752,2752,
2005 Q3,Vladimir Kramnik,2744,2744,
2005 Q3,Levon Aronian,2724,2724,
2005 Q4,Viswanathan Anand,2788,2788,
2005 Q4,Vassily Ivanchuk,2748,2748,
2005 Q4,Vladimir Kramnik,2739,2739,
2005 Q4,Levon Aronian,2724,2724,
2006 Q1,Viswanathan Anand,2792,2792,
2006 Q1,Levon Aronian,2752,2752,
2006 Q1,Vladimir Kramnik,2741,2741,
2006 Q1,Vassily Ivanchuk,2729,2729,
2006 Q2,Viswanathan Anand,2803,2803,
2006 Q2,Levon Aronian,2756,2756,
2006 Q2,Vassily Ivanchuk,2731,2731,
2006 Q2,Vladimir Kramnik,2729,2729,
2006 Q3,Viswanathan Anand,2779,2779,
2006 Q3,Levon Aronian,2761,2761,
2006 Q3,Vladimir Kramnik,2743,2743,
2006 Q3,Vassily Ivanchuk,2734,2734,
2006 Q4,Viswanathan Anand,2779,2779,
2006 Q4,Vladimir Kramnik,2750,2750,
2006 Q4,Vassily Ivanchuk,2741,2741,
2006 Q4,Levon Aronian,2741,2741,
2007 Q1,Viswanathan Anand,2779,2779,
2007 Q1,Vladimir Kramnik,2766,2766,
2007 Q1,Vassily Ivanchuk,2750,2750,
2007 Q1,Levon Aronian,2744,2744,
2007 Q2,Viswanathan Anand,2786,2786,
2007 Q2,Vladimir Kramnik,2772,2772,
2007 Q2,Levon Aronian,2759,2759,
2007 Q3,Viswanathan Anand,2792,2792,
2007 Q3,Vladimir Kramnik,2769,2769,
2007 Q3,Vassily Ivanchuk,2762,2762,
2007 Q3,Levon Aronian,2750,2750,
2007 Q4,Viswanathan Anand,2801,2801,
2007 Q4,Vassily Ivanchuk,2787,2787,
2007 Q4,Vladimir Kramnik,2785,2785,
2007 Q4,Levon Aronian,2741,2741,
2008 Q1,Vladimir Kramnik,2799,2799,
2008 Q1,Viswanathan Anand,2799,2799,
2008 Q1,Vassily Ivanchuk,2751,2751,
2008 Q1,Levon Aronian,2739,2739,
2008 Q2,Viswanathan Anand,2803,2803,
2008 Q2,Vladimir Kramnik,2788,2788,
2008 Q2,Magnus Carlsen,2765,2765,
2008 Q2,Levon Aronian,2763,2763,
2008 Q3,Viswanathan Anand,2798,2798,
2008 Q3,Vladimir Kramnik,2788,2788,
2008 Q3,Vassily Ivanchuk,2781,2781,
2008 Q3,Magnus Carlsen,2775,2775,
2008 Q4,Vassily Ivanchuk,2786,2786,
2008 Q4,Magnus Carlsen,2786,2786,
2008 Q4,Viswanathan Anand,2783,2783,
2008 Q4,Vladimir Kramnik,2772,2772,
2008 Q4,Levon Aronian,2757,2757,
2009 Q1,Viswanathan Anand,2791,2791,
2009 Q1,Vassily Ivanchuk,2779,2779,
2009 Q1,Magnus Carlsen,2776,2776,
2009 Q1,Vladimir Kramnik,2759,2759,
2009 Q2,Viswanathan Anand,2783,2783,
2009 Q2,Magnus Carlsen,2770,2770,
2009 Q2,Vladimir Kramnik,2759,2759,
2009 Q2,Levon Aronian,2754,2754,
2009 Q3,Viswanathan Anand,2788,2788,
2009 Q3,Magnus Carlsen,2772,2772,
2009 Q3,Levon Aronian,2768,2768,
2009 Q3,Vladimir Kramnik,2759,2759,
2009 Q4,Viswanathan Anand,2788,2788,
2009 Q4,Levon Aronian,2773,2773,
2009 Q4,Vladimir Kramnik,2772,2772,
2009 Q4,Magnus Carlsen,2772,2772,
2009 Q4,Vassily Ivanchuk,2756,2756,
2010 Q1,Magnus Carlsen,2810,2810,
2010 Q1,Viswanathan Anand,2790,2790,
2010 Q1,Vladimir Kramnik,2788,2788,
2010 Q1,Levon Aronian,2781,2781,
2010 Q1,Vassily Ivanchuk,2749,2749,
2010 Q2,Magnus Carlsen,2813,2813,
2010 Q2,Vladimir Kramnik,2790,2790,
2010 Q2,Viswanathan Anand,2787,2787,
2010 Q2,Levon Aronian,2782,2782,
2010 Q3,Magnus Carlsen,2826,2826,
2010 Q3,Viswanathan Anand,2800,2800,
2010 Q3,Vladimir Kramnik,2790,2790,
2010 Q3,Levon Aronian,2783,2783,
2010 Q4,Magnus Carlsen,2826,2826,
2010 Q4,Viswanathan Anand,2800,2800,
2010 Q4,Levon Aronian,2783,2783,
2010 Q4,Vladimir Kramnik,2780,2780,
2010 Q4,Vassily Ivanchuk,2754,2754,
2011 Q1,Magnus Carlsen,2814,2814,
2011 Q1,Viswanathan Anand,2810,2810,
2011 Q1,Levon Aronian,2805,2805,
2011 Q1,Vladimir Kramnik,2784,2784,
2011 Q1,Vassily Ivanchuk,2764,2764,
2011 Q2,Viswanathan Anand,2817,2817,
2011 Q2,Magnus Carlsen,2815,2815,
2011 Q2,Levon Aronian,2808,2808,
2011 Q2,Vladimir Kramnik,2785,2785,
2011 Q2,Vassily Ivanchuk,2779,2779,
2011 Q3,Magnus Carlsen,2821,2821,
2011 Q3,Viswanathan Anand,2817,2817,
2011 Q3,Levon Aronian,2805,2805,
2011 Q3,Vladimir Kramnik,2781,2781,
2011 Q3,Vassily Ivanchuk,2768,2768,
2011 Q4,Magnus Carlsen,2823,2823,
2011 Q4,Viswanathan Anand,2817,2817,
2011 Q4,Levon Aronian,2807,2807,
2011 Q4,Vladimir Kramnik,2791,2791,
2011 Q4,Vassily Ivanchuk,2765,2765,
2012 Q1,Magnus Carlsen,2835,2835,
2012 Q1,Levon Aronian,2805,2805,
2012 Q1,Vladimir Kramnik,2801,2801,
2012 Q1,Viswanathan Anand,2799,2799,
2012 Q1,Vassily Ivanchuk,2766,2766,
2012 Q2,Magnus Carlsen,2835,2835,
2012 Q2,Levon Aronian,2820,2820,
2012 Q2,Vladimir Kramnik,2801,2801,
2012 Q2,Viswanathan Anand,2799,2799,
2012 Q2,Fabiano Caruana,2767,2767,
2012 Q2,Vassily Ivanchuk,2764,2764,
2012 Q3,Magnus Carlsen,2837,2837,
2012 Q3,Levon Aronian,2816,2816,
2012 Q3,Vladimir Kramnik,2799,2799,
2012 Q3,Viswanathan Anand,2780,2780,
2012 Q3,Fabiano Caruana,2775,2775,
2012 Q3,Vassily Ivanchuk,2769,2769,
2012 Q4,Magnus Carlsen,2843,2843,
2012 Q4,Levon Aronian,2816,2816,
2012 Q4,Vladimir Kramnik,2797,2797,
2012 Q4,Viswanathan Anand,2780,2780,
2012 Q4,Fabiano Caruana,2773,2773,
2012 Q4,Vassily Ivanchuk,2769,2769,
2013 Q1,Magnus Carlsen,2861,2861,
2013 Q1,Vladimir Kramnik,2810,2810,
2013 Q1,Levon Aronian,2802,2802,
2013 Q1,Fabiano Caruana,2781,2781,
2013 Q1,Viswanathan Anand,2772,2772,
2013 Q2,Magnus Carlsen,2872,2872,
2013 Q2,Vladimir Kramnik,2810,2810,
2013 Q2,Levon Aronian,2809,2809,
2013 Q2,Viswanathan Anand,2784,2784,
2013 Q3,Magnus Carlsen,2864,2864,
2013 Q3,Levon Aronian,2813,2813,
2013 Q3,Vladimir Kramnik,2803,2803,
2013 Q3,Viswanathan Anand,2786,2786,
2013 Q3,Fabiano Caruana,2774,2774,
2013 Q4,Magnus Carlsen,2870,2870,
2013 Q4,Vladimir Kramnik,2796,2796,
2013 Q4,Levon Aronian,2795,2795,
2013 Q4,Fabiano Caruana,2779,2779,
2013 Q4,Viswanathan Anand,2775,2775,
2014 Q1,Magnus Carlsen,2872,2872,
2014 Q1,Levon Aronian,2812,2812,
2014 Q1,Vladimir Kramnik,2787,2787,
2014 Q1,Fabiano Caruana,2782,2782,
2014 Q1,Viswanathan Anand,2773,2773,
2014 Q2,Magnus Carlsen,2881,2881,
2014 Q2,Levon Aronian,2812,2812,
2014 Q2,Viswanathan Anand,2785,2785,
2014 Q2,Vladimir Kramnik,2783,2783,
2014 Q2,Fabiano Caruana,2783,2783,
2014 Q3,Magnus Carlsen,2877,2877,
2014 Q3,Levon Aronian,2805,2805,
2014 Q3,Fabiano Caruana,2789,2789,
2014 Q3,Viswanathan Anand,2785,2785,
2014 Q3,Vladimir Kramnik,2777,2777,
2014 Q4,Magnus Carlsen,2863,2863,
2014 Q4,Fabiano Caruana,2844,2844,
2014 Q4,Levon Aronian,2793,2793,
2014 Q4,Viswanathan Anand,2785,2785,
2015 Q1,Magnus Carlsen,2862,2862,
2015 Q1,Fabiano Caruana,2820,2820,
2015 Q1,Levon Aronian,2797,2797,
2015 Q1,Viswanathan Anand,2797,2797,
2015 Q1,Vladimir Kramnik,2783,2783,
2015 Q2,Magnus Carlsen,2863,2863,
2015 Q2,Fabiano Caruana,2802,2802,
2015 Q2,Viswanathan Anand,2791,2791,
2015 Q2,Vladimir Kramnik,2783,2783,
2015 Q2,Levon Aronian,2770,2770,
2015 Q3,Magnus Carlsen,2853,2853,
2015 Q3,Viswanathan Anand,2816,2816,
2015 Q3,Fabiano Caruana,2797,2797,
2015 Q3,Vladimir Kramnik,2783,2783,
2015 Q3,Levon Aronian,2765,2765,
2015 Q4,Magnus Carlsen,2850,2850,
2015 Q4,Viswanathan Anand,2803,2803,
2015 Q4,Fabiano Caruana,2796,2796,
2015 Q4,Levon Aronian,2784,2784,
2015 Q4,Vladimir Kramnik,2777,2777,
2016 Q1,Magnus Carlsen,2844,2844,
2016 Q1,Vladimir Kramnik,2801,2801,
2016 Q1,Levon Aronian,2792,2792,
2016 Q1,Fabiano Caruana,2787,2787,
2016 Q1,Viswanathan Anand,2784,2784,
2016 Q2,Magnus Carlsen,2851,2851,
2016 Q2,Vladimir Kramnik,2801,2801,
2016 Q2,Fabiano Caruana,2795,2795,
2016 Q2,Levon Aronian,2784,2784,
2016 Q3,Magnus Carlsen,2855,2855,
2016 Q3,Vladimir Kramnik,2812,2812,
2016 Q3,Fabiano Caruana,2810,2810,
2016 Q3,Levon Aronian,2792,2792,
2016 Q3,Viswanathan Anand,2770,2770,
2016 Q4,Magnus Carlsen,2853,2853,
2016 Q4,Vladimir Kramnik,2817,2817,
2016 Q4,Fabiano Caruana,2813,2813,
2016 Q4,Levon Aronian,2795,2795,
2016 Q4,Viswanathan Anand,2776,2776,
2017 Q1,Magnus Carlsen,2840,2840,
2017 Q1,Fabiano Caruana,2827,2827,
2017 Q1,Vladimir Kramnik,2811,2811,
2017 Q1,Viswanathan Anand,2786,2786,
2017 Q1,Levon Aronian,2780,2780,
2017 Q2,Magnus Carlsen,2838,2838,
2017 Q2,Fabiano Caruana,2817,2817,
2017 Q2,Vladimir Kramnik,2811,2811,
2017 Q2,Viswanathan Anand,2786,2786,
2017 Q2,Levon Aronian,2774,2774,
2017 Q3,Magnus Carlsen,2822,2822,
2017 Q3,Vladimir Kramnik,2812,2812,
2017 Q3,Levon Aronian,2809,2809,
2017 Q3,Fabiano Caruana,2807,2807,
2017 Q3,Viswanathan Anand,2783,2783,
2017 Q4,Magnus Carlsen,2826,2826,
2017 Q4,Levon Aronian,2801,2801,
2017 Q4,Vladimir Kramnik,2794,2794,
2017 Q4,Fabiano Caruana,2784,2784,
2017 Q4,Viswanathan Anand,2783,2783,
2018 Q1,Magnus Carlsen,2843,2843,
2018 Q1,Shakhriyar Mamedyarov,2809,2809,
2018 Q1,Vladimir Kramnik,2800,2800,
2018 Q1,Wesley So,2799,2799,
2018 Q1,Levon Aronian,2794,2794,
2018 Q2,Magnus Carlsen,2843,2843,
2018 Q2,Fabiano Caruana,2816,2816,
2018 Q2,Shakhriyar Mamedyarov,2808,2808,
2018 Q2,Liren Ding,2798,2798,
2018 Q2,Vladimir Kramnik,2792,2792,
2018 Q3,Magnus Carlsen,2839,2839,
2018 Q3,Fabiano Caruana,2827,2827,
2018 Q3,Shakhriyar Mamedyarov,2820,2820,
2018 Q3,Liren Ding,2804,2804,
2018 Q3,Maxime Vachier-Lagrave,2780,2780,
2018 Q4,Magnus Carlsen,2835,2835,
2018 Q4,Fabiano Caruana,2832,2832,
2018 Q4,Shakhriyar Mamedyarov,2817,2817,
2018 Q4,Liren Ding,2813,2813,
2018 Q4,Anish Giri,2783,2783,
2019 Q1,Magnus Carlsen,2845,2845,
2019 Q1,Fabiano Caruana,2828,2828,
2019 Q1,Liren Ding,2812,2812,
2019 Q1,Anish Giri,2797,2797,
2019 Q1,Shakhriyar Mamedyarov,2790,2790,
2019 Q2,Magnus Carlsen,2875,2875,
2019 Q2,Fabiano Caruana,2819,2819,
2019 Q2,Liren Ding,2805,2805,
2019 Q2,Maxime Vachier-Lagrave,2779,2779,
2019 Q2,Anish Giri,2779,2779,
2019 Q3,Magnus Carlsen,2876,2876,
2019 Q3,Fabiano Caruana,2812,2812,
2019 Q3,Liren Ding,2811,2811,
2019 Q3,Anish Giri,2780,2780,
2019 Q3,ian Nepomniachtchi,2776,2776,
2019 Q4,Magnus Carlsen,2872,2872,
2019 Q4,Fabiano Caruana,2822,2822,
2019 Q4,Liren Ding,2801,2801,
2019 Q4,Maxime Vachier-Lagrave,2780,2780,
2019 Q4,Alexander Grischuk,2777,2777,
2020 Q1,Magnus Carlsen,2862,2862,
2020 Q1,Fabiano Caruana,2842,2842,
2020 Q1,Liren Ding,2805,2805,
2020 Q1,Alexander Grischuk,2777,2777,
2020 Q1,ian Nepomniachtchi,2774,2774,
2020 Q2,Magnus Carlsen,2862,2862,
2020 Q2,Fabiano Caruana,2842,2842,
2020 Q2,Liren Ding,2805,2805,
2020 Q2,Alexander Grischuk,2777,2777,
2020 Q2,ian Nepomniachtchi,2774,2774,
2020 Q3,Magnus Carlsen,2863,2863,
2020 Q3,Fabiano Caruana,2835,2835,
2020 Q3,Liren Ding,2791,2791,
2020 Q3,ian Nepomniachtchi,2784,2784,
2020 Q3,Maxime Vachier-Lagrave,2778,2778,
2020 Q4,Magnus Carlsen,2862,2862,
2020 Q4,Fabiano Caruana,2823,2823,
2020 Q4,Liren Ding,2791,2791,
2020 Q4,ian Nepomniachtchi,2784,2784,
2020 Q4,Maxime Vachier-Lagrave,2784,2784,
2021 Q1,Magnus Carlsen,2847,2847,
2021 Q1,Fabiano Caruana,2820,2820,
2021 Q1,Liren Ding,2791,2791,
2021 Q1,ian Nepomniachtchi,2789,2789,
2021 Q1,Levon Aronian,2781,2781,
2021 Q2,Magnus Carlsen,2847,2847,
2021 Q2,Fabiano Caruana,2820,2820,
2021 Q2,Liren Ding,2799,2799,
2021 Q2,ian Nepomniachtchi,2792,2792,
2021 Q2,Levon Aronian,2781,2781,
2021 Q3,Magnus Carlsen,2855,2855,
2021 Q3,Fabiano Caruana,2800,2800,
2021 Q3,Liren Ding,2799,2799,
2021 Q3,ian Nepomniachtchi,2792,2792,
2021 Q3,Levon Aronian,2782,2782,
2021 Q4,Magnus Carlsen,2856,2856,
2021 Q4,Alireza Firouzja,2804,2804,
2021 Q4,Liren Ding,2799,2799,
2021 Q4,Fabiano Caruana,2792,2792,
2021 Q4,ian Nepomniachtchi,2782,2782,
